<?xml version="1.0" encoding="UTF-8"?>
<spirit:component xmlns:xilinx="http://www.xilinx.com" xmlns:spirit="http://www.spiritconsortium.org/XMLSchema/SPIRIT/1685-2009" xmlns:xsi="http://www.w3.org/2001/XMLSchema-instance">
  <spirit:vendor>xilinx.com</spirit:vendor>
  <spirit:library>customized_ip</spirit:library>
  <spirit:name>power_virus_monitor_ring_osc_top_0_0</spirit:name>
  <spirit:version>1.0</spirit:version>
  <spirit:busInterfaces>
    <spirit:busInterface>
      <spirit:name>reset</spirit:name>
      <spirit:busType spirit:vendor="xilinx.com" spirit:library="signal" spirit:name="reset" spirit:version="1.0"/>
      <spirit:abstractionType spirit:vendor="xilinx.com" spirit:library="signal" spirit:name="reset_rtl" spirit:version="1.0"/>
      <spirit:slave/>
      <spirit:portMaps>
        <spirit:portMap>
          <spirit:logicalPort>
            <spirit:name>RST</spirit:name>
          </spirit:logicalPort>
          <spirit:physicalPort>
            <spirit:name>reset</spirit:name>
          </spirit:physicalPort>
        </spirit:portMap>
      </spirit:portMaps>
      <spirit:parameters>
        <spirit:parameter>
          <spirit:name>POLARITY</spirit:name>
          <spirit:value spirit:resolve="generated" spirit:id="BUSIFPARAM_VALUE.RESET.POLARITY">ACTIVE_LOW</spirit:value>
          <spirit:vendorExtensions>
            <xilinx:parameterInfo>
              <xilinx:parameterUsage>none</xilinx:parameterUsage>
            </xilinx:parameterInfo>
          </spirit:vendorExtensions>
        </spirit:parameter>
        <spirit:parameter>
          <spirit:name>INSERT_VIP</spirit:name>
          <spirit:value spirit:format="long" spirit:resolve="user" spirit:id="BUSIFPARAM_VALUE.RESET.INSERT_VIP">0</spirit:value>
          <spirit:vendorExtensions>
            <xilinx:parameterInfo>
              <xilinx:parameterUsage>simulation.rtl</xilinx:parameterUsage>
            </xilinx:parameterInfo>
          </spirit:vendorExtensions>
        </spirit:parameter>
      </spirit:parameters>
    </spirit:busInterface>
  </spirit:busInterfaces>
  <spirit:model>
    <spirit:views>
      <spirit:view>
        <spirit:name>xilinx_anylanguagesynthesis</spirit:name>
        <spirit:displayName>Synthesis</spirit:displayName>
        <spirit:envIdentifier>:vivado.xilinx.com:synthesis</spirit:envIdentifier>
        <spirit:modelName>ring_osc_top</spirit:modelName>
        <spirit:parameters>
          <spirit:parameter>
            <spirit:name>outputProductCRC</spirit:name>
            <spirit:value>9:e5c78659</spirit:value>
          </spirit:parameter>
        </spirit:parameters>
      </spirit:view>
      <spirit:view>
        <spirit:name>xilinx_synthesisconstraints</spirit:name>
        <spirit:displayName>Synthesis Constraints</spirit:displayName>
        <spirit:envIdentifier>:vivado.xilinx.com:synthesis.constraints</spirit:envIdentifier>
        <spirit:parameters>
          <spirit:parameter>
            <spirit:name>outputProductCRC</spirit:name>
            <spirit:value>9:e5c78659</spirit:value>
          </spirit:parameter>
        </spirit:parameters>
      </spirit:view>
      <spirit:view>
        <spirit:name>xilinx_verilogsynthesiswrapper</spirit:name>
        <spirit:displayName>Verilog Synthesis Wrapper</spirit:displayName>
        <spirit:envIdentifier>verilogSource:vivado.xilinx.com:synthesis.wrapper</spirit:envIdentifier>
        <spirit:language>verilog</spirit:language>
        <spirit:modelName>power_virus_monitor_ring_osc_top_0_0</spirit:modelName>
        <spirit:fileSetRef>
          <spirit:localName>xilinx_verilogsynthesiswrapper_view_fileset</spirit:localName>
        </spirit:fileSetRef>
        <spirit:parameters>
          <spirit:parameter>
            <spirit:name>GENtimestamp</spirit:name>
            <spirit:value>Wed May 05 22:24:48 UTC 2021</spirit:value>
          </spirit:parameter>
          <spirit:parameter>
            <spirit:name>outputProductCRC</spirit:name>
            <spirit:value>9:e5c78659</spirit:value>
          </spirit:parameter>
        </spirit:parameters>
      </spirit:view>
      <spirit:view>
        <spirit:name>xilinx_anylanguagebehavioralsimulation</spirit:name>
        <spirit:displayName>Simulation</spirit:displayName>
        <spirit:envIdentifier>:vivado.xilinx.com:simulation</spirit:envIdentifier>
        <spirit:modelName>ring_osc_top</spirit:modelName>
        <spirit:parameters>
          <spirit:parameter>
            <spirit:name>outputProductCRC</spirit:name>
            <spirit:value>9:15c134ab</spirit:value>
          </spirit:parameter>
        </spirit:parameters>
      </spirit:view>
      <spirit:view>
        <spirit:name>xilinx_verilogsimulationwrapper</spirit:name>
        <spirit:displayName>Verilog Simulation Wrapper</spirit:displayName>
        <spirit:envIdentifier>verilogSource:vivado.xilinx.com:simulation.wrapper</spirit:envIdentifier>
        <spirit:language>verilog</spirit:language>
        <spirit:modelName>power_virus_monitor_ring_osc_top_0_0</spirit:modelName>
        <spirit:fileSetRef>
          <spirit:localName>xilinx_verilogsimulationwrapper_view_fileset</spirit:localName>
        </spirit:fileSetRef>
        <spirit:parameters>
          <spirit:parameter>
            <spirit:name>GENtimestamp</spirit:name>
            <spirit:value>Wed May 05 22:24:48 UTC 2021</spirit:value>
          </spirit:parameter>
          <spirit:parameter>
            <spirit:name>outputProductCRC</spirit:name>
            <spirit:value>9:15c134ab</spirit:value>
          </spirit:parameter>
        </spirit:parameters>
      </spirit:view>
      <spirit:view>
        <spirit:name>xilinx_externalfiles</spirit:name>
        <spirit:displayName>External Files</spirit:displayName>
        <spirit:envIdentifier>:vivado.xilinx.com:external.files</spirit:envIdentifier>
        <spirit:fileSetRef>
          <spirit:localName>xilinx_externalfiles_view_fileset</spirit:localName>
        </spirit:fileSetRef>
        <spirit:parameters>
          <spirit:parameter>
            <spirit:name>GENtimestamp</spirit:name>
            <spirit:value>Wed May 05 22:28:00 UTC 2021</spirit:value>
          </spirit:parameter>
          <spirit:parameter>
            <spirit:name>outputProductCRC</spirit:name>
            <spirit:value>9:e5c78659</spirit:value>
          </spirit:parameter>
        </spirit:parameters>
      </spirit:view>
    </spirit:views>
    <spirit:ports>
      <spirit:port>
        <spirit:name>enable</spirit:name>
        <spirit:wire>
          <spirit:direction>in</spirit:direction>
          <spirit:wireTypeDefs>
            <spirit:wireTypeDef>
              <spirit:typeName>std_logic</spirit:typeName>
              <spirit:viewNameRef>xilinx_anylanguagesynthesis</spirit:viewNameRef>
              <spirit:viewNameRef>xilinx_anylanguagebehavioralsimulation</spirit:viewNameRef>
            </spirit:wireTypeDef>
          </spirit:wireTypeDefs>
        </spirit:wire>
      </spirit:port>
      <spirit:port>
        <spirit:name>reset</spirit:name>
        <spirit:wire>
          <spirit:direction>in</spirit:direction>
          <spirit:wireTypeDefs>
            <spirit:wireTypeDef>
              <spirit:typeName>std_logic</spirit:typeName>
              <spirit:viewNameRef>xilinx_anylanguagesynthesis</spirit:viewNameRef>
              <spirit:viewNameRef>xilinx_anylanguagebehavioralsimulation</spirit:viewNameRef>
            </spirit:wireTypeDef>
          </spirit:wireTypeDefs>
        </spirit:wire>
      </spirit:port>
      <spirit:port>
        <spirit:name>monitor_count</spirit:name>
        <spirit:wire>
          <spirit:direction>out</spirit:direction>
          <spirit:vector>
            <spirit:left spirit:format="long">35</spirit:left>
            <spirit:right spirit:format="long">0</spirit:right>
          </spirit:vector>
          <spirit:wireTypeDefs>
            <spirit:wireTypeDef>
              <spirit:typeName>reg</spirit:typeName>
              <spirit:viewNameRef>xilinx_anylanguagesynthesis</spirit:viewNameRef>
              <spirit:viewNameRef>xilinx_anylanguagebehavioralsimulation</spirit:viewNameRef>
            </spirit:wireTypeDef>
          </spirit:wireTypeDefs>
        </spirit:wire>
      </spirit:port>
    </spirit:ports>
    <spirit:modelParameters>
      <spirit:modelParameter xsi:type="spirit:nameValueTypeType" spirit:dataType="integer">
        <spirit:name>OSC_CNT</spirit:name>
        <spirit:displayName>Osc Cnt</spirit:displayName>
        <spirit:value spirit:format="long" spirit:resolve="generated" spirit:id="MODELPARAM_VALUE.OSC_CNT">16</spirit:value>
      </spirit:modelParameter>
      <spirit:modelParameter spirit:dataType="integer">
        <spirit:name>CNT_WIDTH</spirit:name>
        <spirit:displayName>Cnt Width</spirit:displayName>
        <spirit:value spirit:format="long" spirit:resolve="generated" spirit:id="MODELPARAM_VALUE.CNT_WIDTH">32</spirit:value>
      </spirit:modelParameter>
    </spirit:modelParameters>
  </spirit:model>
  <spirit:fileSets>
    <spirit:fileSet>
      <spirit:name>xilinx_verilogsynthesiswrapper_view_fileset</spirit:name>
      <spirit:file>
        <spirit:name>synth/power_virus_monitor_ring_osc_top_0_0.v</spirit:name>
        <spirit:fileType>verilogSource</spirit:fileType>
        <spirit:logicalName>xil_defaultlib</spirit:logicalName>
      </spirit:file>
    </spirit:fileSet>
    <spirit:fileSet>
      <spirit:name>xilinx_verilogsimulationwrapper_view_fileset</spirit:name>
      <spirit:file>
        <spirit:name>sim/power_virus_monitor_ring_osc_top_0_0.v</spirit:name>
        <spirit:fileType>verilogSource</spirit:fileType>
        <spirit:logicalName>xil_defaultlib</spirit:logicalName>
      </spirit:file>
    </spirit:fileSet>
    <spirit:fileSet>
      <spirit:name>xilinx_externalfiles_view_fileset</spirit:name>
      <spirit:file>
        <spirit:name>power_virus_monitor_ring_osc_top_0_0.dcp</spirit:name>
        <spirit:userFileType>dcp</spirit:userFileType>
        <spirit:userFileType>USED_IN_implementation</spirit:userFileType>
        <spirit:userFileType>USED_IN_synthesis</spirit:userFileType>
        <spirit:logicalName>xil_defaultlib</spirit:logicalName>
      </spirit:file>
      <spirit:file>
        <spirit:name>power_virus_monitor_ring_osc_top_0_0_stub.v</spirit:name>
        <spirit:fileType>verilogSource</spirit:fileType>
        <spirit:userFileType>USED_IN_synth_blackbox_stub</spirit:userFileType>
        <spirit:logicalName>xil_defaultlib</spirit:logicalName>
      </spirit:file>
      <spirit:file>
        <spirit:name>power_virus_monitor_ring_osc_top_0_0_stub.vhdl</spirit:name>
        <spirit:fileType>vhdlSource</spirit:fileType>
        <spirit:userFileType>USED_IN_synth_blackbox_stub</spirit:userFileType>
        <spirit:logicalName>xil_defaultlib</spirit:logicalName>
      </spirit:file>
      <spirit:file>
        <spirit:name>power_virus_monitor_ring_osc_top_0_0_sim_netlist.v</spirit:name>
        <spirit:fileType>verilogSource</spirit:fileType>
        <spirit:userFileType>USED_IN_simulation</spirit:userFileType>
        <spirit:userFileType>USED_IN_single_language</spirit:userFileType>
        <spirit:logicalName>xil_defaultlib</spirit:logicalName>
      </spirit:file>
      <spirit:file>
        <spirit:name>power_virus_monitor_ring_osc_top_0_0_sim_netlist.vhdl</spirit:name>
        <spirit:fileType>vhdlSource</spirit:fileType>
        <spirit:userFileType>USED_IN_simulation</spirit:userFileType>
        <spirit:userFileType>USED_IN_single_language</spirit:userFileType>
        <spirit:logicalName>xil_defaultlib</spirit:logicalName>
      </spirit:file>
    </spirit:fileSet>
  </spirit:fileSets>
  <spirit:description>xilinx.com:module_ref:ring_osc_top:1.0</spirit:description>
  <spirit:parameters>
    <spirit:parameter>
      <spirit:name>OSC_CNT</spirit:name>
      <spirit:displayName>Osc Cnt</spirit:displayName>
      <spirit:value spirit:format="long" spirit:resolve="user" spirit:id="PARAM_VALUE.OSC_CNT">16</spirit:value>
    </spirit:parameter>
    <spirit:parameter>
      <spirit:name>CNT_WIDTH</spirit:name>
      <spirit:displayName>Cnt Width</spirit:displayName>
      <spirit:value spirit:format="long" spirit:resolve="user" spirit:id="PARAM_VALUE.CNT_WIDTH">32</spirit:value>
    </spirit:parameter>
    <spirit:parameter>
      <spirit:name>Component_Name</spirit:name>
      <spirit:value spirit:resolve="user" spirit:id="PARAM_VALUE.Component_Name" spirit:order="1">power_virus_monitor_ring_osc_top_0_0</spirit:value>
    </spirit:parameter>
  </spirit:parameters>
  <spirit:vendorExtensions>
    <xilinx:coreExtensions>
      <xilinx:displayName>ring_osc_top_v1_0</xilinx:displayName>
      <xilinx:definitionSource>module_ref</xilinx:definitionSource>
      <xilinx:coreRevision>1</xilinx:coreRevision>
      <xilinx:configElementInfos>
        <xilinx:configElementInfo xilinx:referenceId="BUSIFPARAM_VALUE.RESET.POLARITY" xilinx:valuePermission="bd_and_user"/>
      </xilinx:configElementInfos>
    </xilinx:coreExtensions>
    <xilinx:packagingInfo>
      <xilinx:xilinxVersion>2020.1</xilinx:xilinxVersion>
    </xilinx:packagingInfo>
  </spirit:vendorExtensions>
</spirit:component>
