<?xml version="1.0" encoding="UTF-8"?>
<!-- Product Version: Vivado v2020.1 (64-bit)                     -->
<!--                                                              -->
<!-- Copyright 1986-2020 Xilinx, Inc. All Rights Reserved.        -->

<hwsession version="1" minor="2">
  <device name="xc7z010_1" gui_info="dashboard1=hw_ila_1[xc7z010_1/hw_ila_1/Settings=ILA_SETTINGS_1;xc7z010_1/hw_ila_1/Status=ILA_STATUS_1;xc7z010_1/hw_ila_1/Capture Setup=ILA_CAPTURE_1;xc7z010_1/hw_ila_1/Waveform=ILA_WAVE_1;xc7z010_1/hw_vio_1=VIO_PROBES_1;xc7z010_1/XADC=XADC_PLOT_1;xc7z010_1/hw_ila_1/Trigger Setup=ILA_TRIGGER_1;],dashboard2=hw_vios[xc7z010_1/hw_vio_1=VIO_PROBES_1;]"/>
  <ObjectList object_type="hw_device" gui_info="">
    <Object name="xc7z010_1" gui_info="">
      <Properties Property="FULL_PROBES.FILE" value="$_project_name_.runs/impl_1/power_virus_monitor_wrapper.ltx"/>
      <Properties Property="PROBES.FILE" value="$_project_name_.runs/impl_1/power_virus_monitor_wrapper.ltx"/>
      <Properties Property="PROGRAM.HW_BITSTREAM" value="$_project_name_.runs/impl_1/power_virus_monitor_wrapper.bit"/>
      <Properties Property="SLR.COUNT" value="1"/>
    </Object>
  </ObjectList>
  <ObjectList object_type="hw_ila" gui_info="">
    <Object name="power_virus_monitor_i/ila_0" gui_info="">
      <Properties Property="CONTROL.TRIGGER_CONDITION" value="AND"/>
      <Properties Property="CORE_REFRESH_RATE_MS" value="500"/>
    </Object>
  </ObjectList>
  <ObjectList object_type="hw_probe" gui_info="">
    <Object name="power_virus_monitor_i/CE" gui_info="hw_ila_1/hw_vio_1=2"/>
    <Object name="power_virus_monitor_i/bank_enable[21:0]" gui_info="hw_ila_1/hw_vio_1=3"/>
    <Object name="power_virus_monitor_i/power_virus_bank_0_z" gui_info="hw_ila_1/hw_vio_1=1"/>
    <Object name="power_virus_monitor_i/reset" gui_info="hw_ila_1/hw_vio_1=0"/>
    <Object name="power_virus_monitor_i/ring_osc_enable" gui_info="Trigger Setup=0"/>
  </ObjectList>
  <ObjectList object_type="hw_sysmon" gui_info="">
    <Object name="XADC" gui_info="hw_ila_1=[TEMPERATURE=-65281;VCCINT=-16711936;SCAN_RATE=1000;TRACK_TIME=1;]"/>
  </ObjectList>
  <probeset name="hw project" active="false">
    <probe type="ila" busType="bus" source="netlist" spec="ILA_V2_RT">
      <probeOptions Id="DebugProbeParams">
        <Option Id="CAPTURE_COMPARE_VALUE" value="eq24&apos;hXX_XXXX"/>
        <Option Id="COMPARE_VALUE.0" value="eq24&apos;hXX_XXXX"/>
        <Option Id="DISPLAY_AS_ENUM" value="1"/>
        <Option Id="DISPLAY_HINT" value=""/>
        <Option Id="DISPLAY_RADIX" value="UNSIGNED"/>
        <Option Id="DISPLAY_VISIBILITY" value=""/>
        <Option Id="HW_ILA" value="hw_ila_1"/>
        <Option Id="LINK_TO_WAVEFORM" value="1"/>
        <Option Id="MAP" value="probe1[23:0]"/>
        <Option Id="NAME.CUSTOM" value=""/>
        <Option Id="NAME.SELECT" value="Long"/>
        <Option Id="SOURCE" value="netlist"/>
        <Option Id="TRIGGER_COMPARE_VALUE" value="eq24&apos;hXX_XXXX"/>
        <Option Id="WAVEFORM_STYLE" value="Digital"/>
      </probeOptions>
      <nets>
        <net name="power_virus_monitor_i/monitor_count[23]"/>
        <net name="power_virus_monitor_i/monitor_count[22]"/>
        <net name="power_virus_monitor_i/monitor_count[21]"/>
        <net name="power_virus_monitor_i/monitor_count[20]"/>
        <net name="power_virus_monitor_i/monitor_count[19]"/>
        <net name="power_virus_monitor_i/monitor_count[18]"/>
        <net name="power_virus_monitor_i/monitor_count[17]"/>
        <net name="power_virus_monitor_i/monitor_count[16]"/>
        <net name="power_virus_monitor_i/monitor_count[15]"/>
        <net name="power_virus_monitor_i/monitor_count[14]"/>
        <net name="power_virus_monitor_i/monitor_count[13]"/>
        <net name="power_virus_monitor_i/monitor_count[12]"/>
        <net name="power_virus_monitor_i/monitor_count[11]"/>
        <net name="power_virus_monitor_i/monitor_count[10]"/>
        <net name="power_virus_monitor_i/monitor_count[9]"/>
        <net name="power_virus_monitor_i/monitor_count[8]"/>
        <net name="power_virus_monitor_i/monitor_count[7]"/>
        <net name="power_virus_monitor_i/monitor_count[6]"/>
        <net name="power_virus_monitor_i/monitor_count[5]"/>
        <net name="power_virus_monitor_i/monitor_count[4]"/>
        <net name="power_virus_monitor_i/monitor_count[3]"/>
        <net name="power_virus_monitor_i/monitor_count[2]"/>
        <net name="power_virus_monitor_i/monitor_count[1]"/>
        <net name="power_virus_monitor_i/monitor_count[0]"/>
      </nets>
    </probe>
    <probe type="ila" busType="net" source="netlist" spec="ILA_V2_RT">
      <probeOptions Id="DebugProbeParams">
        <Option Id="CAPTURE_COMPARE_VALUE" value="eq1&apos;bX"/>
        <Option Id="COMPARE_VALUE.0" value="eq1&apos;bF"/>
        <Option Id="DISPLAY_AS_ENUM" value="1"/>
        <Option Id="DISPLAY_HINT" value=""/>
        <Option Id="DISPLAY_RADIX" value="HEX"/>
        <Option Id="DISPLAY_VISIBILITY" value=""/>
        <Option Id="HW_ILA" value="hw_ila_1"/>
        <Option Id="LINK_TO_WAVEFORM" value="1"/>
        <Option Id="MAP" value="probe0[0]"/>
        <Option Id="NAME.CUSTOM" value=""/>
        <Option Id="NAME.SELECT" value="Long"/>
        <Option Id="SOURCE" value="netlist"/>
        <Option Id="TRIGGER_COMPARE_VALUE" value="eq1&apos;bF"/>
        <Option Id="WAVEFORM_STYLE" value="Digital"/>
      </probeOptions>
      <nets>
        <net name="power_virus_monitor_i/ring_osc_enable"/>
      </nets>
    </probe>
    <probe type="vio_input" busType="net" source="netlist" spec="VIO_INPUT_V2_RT">
      <probeOptions Id="DebugProbeParams">
        <Option Id="ACTIVITY_PERSISTENCE" value="SHORT"/>
        <Option Id="DISPLAY_HINT" value=""/>
        <Option Id="DISPLAY_VISIBILITY" value=""/>
        <Option Id="HW_VIO" value="hw_vio_1"/>
        <Option Id="INPUT_VALUE_RADIX" value="BINARY"/>
        <Option Id="NAME.CUSTOM" value=""/>
        <Option Id="NAME.SELECT" value="Long"/>
        <Option Id="SOURCE" value="netlist"/>
      </probeOptions>
      <nets>
        <net name="power_virus_monitor_i/power_virus_bank_0_z"/>
      </nets>
    </probe>
    <probe type="vio_output" busType="net" source="netlist" spec="VIO_OUTPUT_V2_RT">
      <probeOptions Id="DebugProbeParams">
        <Option Id="DISPLAY_HINT" value="OutputDisplay:Toggle;"/>
        <Option Id="DISPLAY_VISIBILITY" value=""/>
        <Option Id="HW_VIO" value="hw_vio_1"/>
        <Option Id="NAME.CUSTOM" value=""/>
        <Option Id="NAME.SELECT" value="Long"/>
        <Option Id="OUTPUT_VALUE" value="1"/>
        <Option Id="OUTPUT_VALUE_RADIX" value="BINARY"/>
        <Option Id="SOURCE" value="netlist"/>
      </probeOptions>
      <nets>
        <net name="power_virus_monitor_i/CE"/>
      </nets>
    </probe>
    <probe type="vio_output" busType="bus" source="netlist" spec="VIO_OUTPUT_V2_RT">
      <probeOptions Id="DebugProbeParams">
        <Option Id="DISPLAY_HINT" value=""/>
        <Option Id="DISPLAY_VISIBILITY" value=""/>
        <Option Id="HW_VIO" value="hw_vio_1"/>
        <Option Id="NAME.CUSTOM" value=""/>
        <Option Id="NAME.SELECT" value="Long"/>
        <Option Id="OUTPUT_VALUE" value="3FFFFF"/>
        <Option Id="OUTPUT_VALUE_RADIX" value="HEX"/>
        <Option Id="SOURCE" value="netlist"/>
      </probeOptions>
      <nets>
        <net name="power_virus_monitor_i/bank_enable[21]"/>
        <net name="power_virus_monitor_i/bank_enable[20]"/>
        <net name="power_virus_monitor_i/bank_enable[19]"/>
        <net name="power_virus_monitor_i/bank_enable[18]"/>
        <net name="power_virus_monitor_i/bank_enable[17]"/>
        <net name="power_virus_monitor_i/bank_enable[16]"/>
        <net name="power_virus_monitor_i/bank_enable[15]"/>
        <net name="power_virus_monitor_i/bank_enable[14]"/>
        <net name="power_virus_monitor_i/bank_enable[13]"/>
        <net name="power_virus_monitor_i/bank_enable[12]"/>
        <net name="power_virus_monitor_i/bank_enable[11]"/>
        <net name="power_virus_monitor_i/bank_enable[10]"/>
        <net name="power_virus_monitor_i/bank_enable[9]"/>
        <net name="power_virus_monitor_i/bank_enable[8]"/>
        <net name="power_virus_monitor_i/bank_enable[7]"/>
        <net name="power_virus_monitor_i/bank_enable[6]"/>
        <net name="power_virus_monitor_i/bank_enable[5]"/>
        <net name="power_virus_monitor_i/bank_enable[4]"/>
        <net name="power_virus_monitor_i/bank_enable[3]"/>
        <net name="power_virus_monitor_i/bank_enable[2]"/>
        <net name="power_virus_monitor_i/bank_enable[1]"/>
        <net name="power_virus_monitor_i/bank_enable[0]"/>
      </nets>
    </probe>
    <probe type="vio_output" busType="net" source="netlist" spec="VIO_OUTPUT_V2_RT">
      <probeOptions Id="DebugProbeParams">
        <Option Id="DISPLAY_HINT" value="OutputDisplay:Active_High;"/>
        <Option Id="DISPLAY_VISIBILITY" value=""/>
        <Option Id="HW_VIO" value="hw_vio_1"/>
        <Option Id="NAME.CUSTOM" value=""/>
        <Option Id="NAME.SELECT" value="Long"/>
        <Option Id="OUTPUT_VALUE" value="0"/>
        <Option Id="OUTPUT_VALUE_RADIX" value="BINARY"/>
        <Option Id="SOURCE" value="netlist"/>
      </probeOptions>
      <nets>
        <net name="power_virus_monitor_i/reset"/>
      </nets>
    </probe>
  </probeset>
</hwsession>
