<?xml version="1.0" encoding="UTF-8"?>
<spirit:component xmlns:xilinx="http://www.xilinx.com" xmlns:spirit="http://www.spiritconsortium.org/XMLSchema/SPIRIT/1685-2009" xmlns:xsi="http://www.w3.org/2001/XMLSchema-instance">
  <spirit:vendor>xilinx.com</spirit:vendor>
  <spirit:library>user</spirit:library>
  <spirit:name>myip</spirit:name>
  <spirit:version>1.0</spirit:version>
  <spirit:busInterfaces>
    <spirit:busInterface>
      <spirit:name>S00_AXI</spirit:name>
      <spirit:busType spirit:vendor="xilinx.com" spirit:library="interface" spirit:name="aximm" spirit:version="1.0"/>
      <spirit:abstractionType spirit:vendor="xilinx.com" spirit:library="interface" spirit:name="aximm_rtl" spirit:version="1.0"/>
      <spirit:slave>
        <spirit:memoryMapRef spirit:memoryMapRef="S00_AXI"/>
      </spirit:slave>
      <spirit:portMaps>
        <spirit:portMap>
          <spirit:logicalPort>
            <spirit:name>AWADDR</spirit:name>
          </spirit:logicalPort>
          <spirit:physicalPort>
            <spirit:name>s00_axi_awaddr</spirit:name>
          </spirit:physicalPort>
        </spirit:portMap>
        <spirit:portMap>
          <spirit:logicalPort>
            <spirit:name>AWPROT</spirit:name>
          </spirit:logicalPort>
          <spirit:physicalPort>
            <spirit:name>s00_axi_awprot</spirit:name>
          </spirit:physicalPort>
        </spirit:portMap>
        <spirit:portMap>
          <spirit:logicalPort>
            <spirit:name>AWVALID</spirit:name>
          </spirit:logicalPort>
          <spirit:physicalPort>
            <spirit:name>s00_axi_awvalid</spirit:name>
          </spirit:physicalPort>
        </spirit:portMap>
        <spirit:portMap>
          <spirit:logicalPort>
            <spirit:name>AWREADY</spirit:name>
          </spirit:logicalPort>
          <spirit:physicalPort>
            <spirit:name>s00_axi_awready</spirit:name>
          </spirit:physicalPort>
        </spirit:portMap>
        <spirit:portMap>
          <spirit:logicalPort>
            <spirit:name>WDATA</spirit:name>
          </spirit:logicalPort>
          <spirit:physicalPort>
            <spirit:name>s00_axi_wdata</spirit:name>
          </spirit:physicalPort>
        </spirit:portMap>
        <spirit:portMap>
          <spirit:logicalPort>
            <spirit:name>WSTRB</spirit:name>
          </spirit:logicalPort>
          <spirit:physicalPort>
            <spirit:name>s00_axi_wstrb</spirit:name>
          </spirit:physicalPort>
        </spirit:portMap>
        <spirit:portMap>
          <spirit:logicalPort>
            <spirit:name>WVALID</spirit:name>
          </spirit:logicalPort>
          <spirit:physicalPort>
            <spirit:name>s00_axi_wvalid</spirit:name>
          </spirit:physicalPort>
        </spirit:portMap>
        <spirit:portMap>
          <spirit:logicalPort>
            <spirit:name>WREADY</spirit:name>
          </spirit:logicalPort>
          <spirit:physicalPort>
            <spirit:name>s00_axi_wready</spirit:name>
          </spirit:physicalPort>
        </spirit:portMap>
        <spirit:portMap>
          <spirit:logicalPort>
            <spirit:name>BRESP</spirit:name>
          </spirit:logicalPort>
          <spirit:physicalPort>
            <spirit:name>s00_axi_bresp</spirit:name>
          </spirit:physicalPort>
        </spirit:portMap>
        <spirit:portMap>
          <spirit:logicalPort>
            <spirit:name>BVALID</spirit:name>
          </spirit:logicalPort>
          <spirit:physicalPort>
            <spirit:name>s00_axi_bvalid</spirit:name>
          </spirit:physicalPort>
        </spirit:portMap>
        <spirit:portMap>
          <spirit:logicalPort>
            <spirit:name>BREADY</spirit:name>
          </spirit:logicalPort>
          <spirit:physicalPort>
            <spirit:name>s00_axi_bready</spirit:name>
          </spirit:physicalPort>
        </spirit:portMap>
        <spirit:portMap>
          <spirit:logicalPort>
            <spirit:name>ARADDR</spirit:name>
          </spirit:logicalPort>
          <spirit:physicalPort>
            <spirit:name>s00_axi_araddr</spirit:name>
          </spirit:physicalPort>
        </spirit:portMap>
        <spirit:portMap>
          <spirit:logicalPort>
            <spirit:name>ARPROT</spirit:name>
          </spirit:logicalPort>
          <spirit:physicalPort>
            <spirit:name>s00_axi_arprot</spirit:name>
          </spirit:physicalPort>
        </spirit:portMap>
        <spirit:portMap>
          <spirit:logicalPort>
            <spirit:name>ARVALID</spirit:name>
          </spirit:logicalPort>
          <spirit:physicalPort>
            <spirit:name>s00_axi_arvalid</spirit:name>
          </spirit:physicalPort>
        </spirit:portMap>
        <spirit:portMap>
          <spirit:logicalPort>
            <spirit:name>ARREADY</spirit:name>
          </spirit:logicalPort>
          <spirit:physicalPort>
            <spirit:name>s00_axi_arready</spirit:name>
          </spirit:physicalPort>
        </spirit:portMap>
        <spirit:portMap>
          <spirit:logicalPort>
            <spirit:name>RDATA</spirit:name>
          </spirit:logicalPort>
          <spirit:physicalPort>
            <spirit:name>s00_axi_rdata</spirit:name>
          </spirit:physicalPort>
        </spirit:portMap>
        <spirit:portMap>
          <spirit:logicalPort>
            <spirit:name>RRESP</spirit:name>
          </spirit:logicalPort>
          <spirit:physicalPort>
            <spirit:name>s00_axi_rresp</spirit:name>
          </spirit:physicalPort>
        </spirit:portMap>
        <spirit:portMap>
          <spirit:logicalPort>
            <spirit:name>RVALID</spirit:name>
          </spirit:logicalPort>
          <spirit:physicalPort>
            <spirit:name>s00_axi_rvalid</spirit:name>
          </spirit:physicalPort>
        </spirit:portMap>
        <spirit:portMap>
          <spirit:logicalPort>
            <spirit:name>RREADY</spirit:name>
          </spirit:logicalPort>
          <spirit:physicalPort>
            <spirit:name>s00_axi_rready</spirit:name>
          </spirit:physicalPort>
        </spirit:portMap>
      </spirit:portMaps>
      <spirit:parameters>
        <spirit:parameter>
          <spirit:name>WIZ_DATA_WIDTH</spirit:name>
          <spirit:value spirit:format="long" spirit:id="BUSIFPARAM_VALUE.S00_AXI.WIZ_DATA_WIDTH" spirit:choiceRef="choice_list_6fc15197">32</spirit:value>
        </spirit:parameter>
        <spirit:parameter>
          <spirit:name>WIZ_NUM_REG</spirit:name>
          <spirit:value spirit:format="long" spirit:id="BUSIFPARAM_VALUE.S00_AXI.WIZ_NUM_REG" spirit:minimum="4" spirit:maximum="512" spirit:rangeType="long">4</spirit:value>
        </spirit:parameter>
        <spirit:parameter>
          <spirit:name>SUPPORTS_NARROW_BURST</spirit:name>
          <spirit:value spirit:format="long" spirit:id="BUSIFPARAM_VALUE.S00_AXI.SUPPORTS_NARROW_BURST" spirit:choiceRef="choice_pairs_ce1226b1">0</spirit:value>
        </spirit:parameter>
      </spirit:parameters>
    </spirit:busInterface>
    <spirit:busInterface>
      <spirit:name>M00_AXI</spirit:name>
      <spirit:busType spirit:vendor="xilinx.com" spirit:library="interface" spirit:name="aximm" spirit:version="1.0"/>
      <spirit:abstractionType spirit:vendor="xilinx.com" spirit:library="interface" spirit:name="aximm_rtl" spirit:version="1.0"/>
      <spirit:master>
        <spirit:addressSpaceRef spirit:addressSpaceRef="M00_AXI"/>
      </spirit:master>
      <spirit:portMaps>
        <spirit:portMap>
          <spirit:logicalPort>
            <spirit:name>AWADDR</spirit:name>
          </spirit:logicalPort>
          <spirit:physicalPort>
            <spirit:name>m00_axi_awaddr</spirit:name>
          </spirit:physicalPort>
        </spirit:portMap>
        <spirit:portMap>
          <spirit:logicalPort>
            <spirit:name>AWPROT</spirit:name>
          </spirit:logicalPort>
          <spirit:physicalPort>
            <spirit:name>m00_axi_awprot</spirit:name>
          </spirit:physicalPort>
        </spirit:portMap>
        <spirit:portMap>
          <spirit:logicalPort>
            <spirit:name>AWVALID</spirit:name>
          </spirit:logicalPort>
          <spirit:physicalPort>
            <spirit:name>m00_axi_awvalid</spirit:name>
          </spirit:physicalPort>
        </spirit:portMap>
        <spirit:portMap>
          <spirit:logicalPort>
            <spirit:name>AWREADY</spirit:name>
          </spirit:logicalPort>
          <spirit:physicalPort>
            <spirit:name>m00_axi_awready</spirit:name>
          </spirit:physicalPort>
        </spirit:portMap>
        <spirit:portMap>
          <spirit:logicalPort>
            <spirit:name>WDATA</spirit:name>
          </spirit:logicalPort>
          <spirit:physicalPort>
            <spirit:name>m00_axi_wdata</spirit:name>
          </spirit:physicalPort>
        </spirit:portMap>
        <spirit:portMap>
          <spirit:logicalPort>
            <spirit:name>WSTRB</spirit:name>
          </spirit:logicalPort>
          <spirit:physicalPort>
            <spirit:name>m00_axi_wstrb</spirit:name>
          </spirit:physicalPort>
        </spirit:portMap>
        <spirit:portMap>
          <spirit:logicalPort>
            <spirit:name>WVALID</spirit:name>
          </spirit:logicalPort>
          <spirit:physicalPort>
            <spirit:name>m00_axi_wvalid</spirit:name>
          </spirit:physicalPort>
        </spirit:portMap>
        <spirit:portMap>
          <spirit:logicalPort>
            <spirit:name>WREADY</spirit:name>
          </spirit:logicalPort>
          <spirit:physicalPort>
            <spirit:name>m00_axi_wready</spirit:name>
          </spirit:physicalPort>
        </spirit:portMap>
        <spirit:portMap>
          <spirit:logicalPort>
            <spirit:name>BRESP</spirit:name>
          </spirit:logicalPort>
          <spirit:physicalPort>
            <spirit:name>m00_axi_bresp</spirit:name>
          </spirit:physicalPort>
        </spirit:portMap>
        <spirit:portMap>
          <spirit:logicalPort>
            <spirit:name>BVALID</spirit:name>
          </spirit:logicalPort>
          <spirit:physicalPort>
            <spirit:name>m00_axi_bvalid</spirit:name>
          </spirit:physicalPort>
        </spirit:portMap>
        <spirit:portMap>
          <spirit:logicalPort>
            <spirit:name>BREADY</spirit:name>
          </spirit:logicalPort>
          <spirit:physicalPort>
            <spirit:name>m00_axi_bready</spirit:name>
          </spirit:physicalPort>
        </spirit:portMap>
        <spirit:portMap>
          <spirit:logicalPort>
            <spirit:name>ARADDR</spirit:name>
          </spirit:logicalPort>
          <spirit:physicalPort>
            <spirit:name>m00_axi_araddr</spirit:name>
          </spirit:physicalPort>
        </spirit:portMap>
        <spirit:portMap>
          <spirit:logicalPort>
            <spirit:name>ARPROT</spirit:name>
          </spirit:logicalPort>
          <spirit:physicalPort>
            <spirit:name>m00_axi_arprot</spirit:name>
          </spirit:physicalPort>
        </spirit:portMap>
        <spirit:portMap>
          <spirit:logicalPort>
            <spirit:name>ARVALID</spirit:name>
          </spirit:logicalPort>
          <spirit:physicalPort>
            <spirit:name>m00_axi_arvalid</spirit:name>
          </spirit:physicalPort>
        </spirit:portMap>
        <spirit:portMap>
          <spirit:logicalPort>
            <spirit:name>ARREADY</spirit:name>
          </spirit:logicalPort>
          <spirit:physicalPort>
            <spirit:name>m00_axi_arready</spirit:name>
          </spirit:physicalPort>
        </spirit:portMap>
        <spirit:portMap>
          <spirit:logicalPort>
            <spirit:name>RDATA</spirit:name>
          </spirit:logicalPort>
          <spirit:physicalPort>
            <spirit:name>m00_axi_rdata</spirit:name>
          </spirit:physicalPort>
        </spirit:portMap>
        <spirit:portMap>
          <spirit:logicalPort>
            <spirit:name>RRESP</spirit:name>
          </spirit:logicalPort>
          <spirit:physicalPort>
            <spirit:name>m00_axi_rresp</spirit:name>
          </spirit:physicalPort>
        </spirit:portMap>
        <spirit:portMap>
          <spirit:logicalPort>
            <spirit:name>RVALID</spirit:name>
          </spirit:logicalPort>
          <spirit:physicalPort>
            <spirit:name>m00_axi_rvalid</spirit:name>
          </spirit:physicalPort>
        </spirit:portMap>
        <spirit:portMap>
          <spirit:logicalPort>
            <spirit:name>RREADY</spirit:name>
          </spirit:logicalPort>
          <spirit:physicalPort>
            <spirit:name>m00_axi_rready</spirit:name>
          </spirit:physicalPort>
        </spirit:portMap>
      </spirit:portMaps>
      <spirit:parameters>
        <spirit:parameter>
          <spirit:name>WIZ_DATA_WIDTH</spirit:name>
          <spirit:value spirit:format="long" spirit:id="BUSIFPARAM_VALUE.M00_AXI.WIZ_DATA_WIDTH" spirit:choiceRef="choice_list_6fc15197">32</spirit:value>
        </spirit:parameter>
        <spirit:parameter>
          <spirit:name>SUPPORTS_NARROW_BURST</spirit:name>
          <spirit:value spirit:format="long" spirit:id="BUSIFPARAM_VALUE.M00_AXI.SUPPORTS_NARROW_BURST" spirit:choiceRef="choice_pairs_ce1226b1">0</spirit:value>
        </spirit:parameter>
      </spirit:parameters>
    </spirit:busInterface>
    <spirit:busInterface>
      <spirit:name>M00_AXI_RST</spirit:name>
      <spirit:busType spirit:vendor="xilinx.com" spirit:library="signal" spirit:name="reset" spirit:version="1.0"/>
      <spirit:abstractionType spirit:vendor="xilinx.com" spirit:library="signal" spirit:name="reset_rtl" spirit:version="1.0"/>
      <spirit:slave/>
      <spirit:portMaps>
        <spirit:portMap>
          <spirit:logicalPort>
            <spirit:name>RST</spirit:name>
          </spirit:logicalPort>
          <spirit:physicalPort>
            <spirit:name>m00_axi_aresetn</spirit:name>
          </spirit:physicalPort>
        </spirit:portMap>
      </spirit:portMaps>
      <spirit:parameters>
        <spirit:parameter>
          <spirit:name>POLARITY</spirit:name>
          <spirit:value spirit:id="BUSIFPARAM_VALUE.M00_AXI_RST.POLARITY">ACTIVE_LOW</spirit:value>
        </spirit:parameter>
      </spirit:parameters>
    </spirit:busInterface>
    <spirit:busInterface>
      <spirit:name>M00_AXI_CLK</spirit:name>
      <spirit:busType spirit:vendor="xilinx.com" spirit:library="signal" spirit:name="clock" spirit:version="1.0"/>
      <spirit:abstractionType spirit:vendor="xilinx.com" spirit:library="signal" spirit:name="clock_rtl" spirit:version="1.0"/>
      <spirit:slave/>
      <spirit:portMaps>
        <spirit:portMap>
          <spirit:logicalPort>
            <spirit:name>CLK</spirit:name>
          </spirit:logicalPort>
          <spirit:physicalPort>
            <spirit:name>m00_axi_aclk</spirit:name>
          </spirit:physicalPort>
        </spirit:portMap>
      </spirit:portMaps>
      <spirit:parameters>
        <spirit:parameter>
          <spirit:name>ASSOCIATED_BUSIF</spirit:name>
          <spirit:value spirit:id="BUSIFPARAM_VALUE.M00_AXI_CLK.ASSOCIATED_BUSIF">M00_AXI</spirit:value>
        </spirit:parameter>
        <spirit:parameter>
          <spirit:name>ASSOCIATED_RESET</spirit:name>
          <spirit:value spirit:id="BUSIFPARAM_VALUE.M00_AXI_CLK.ASSOCIATED_RESET">m00_axi_aresetn</spirit:value>
        </spirit:parameter>
      </spirit:parameters>
    </spirit:busInterface>
    <spirit:busInterface>
      <spirit:name>S00_AXI_RST</spirit:name>
      <spirit:busType spirit:vendor="xilinx.com" spirit:library="signal" spirit:name="reset" spirit:version="1.0"/>
      <spirit:abstractionType spirit:vendor="xilinx.com" spirit:library="signal" spirit:name="reset_rtl" spirit:version="1.0"/>
      <spirit:slave/>
      <spirit:portMaps>
        <spirit:portMap>
          <spirit:logicalPort>
            <spirit:name>RST</spirit:name>
          </spirit:logicalPort>
          <spirit:physicalPort>
            <spirit:name>s00_axi_aresetn</spirit:name>
          </spirit:physicalPort>
        </spirit:portMap>
      </spirit:portMaps>
      <spirit:parameters>
        <spirit:parameter>
          <spirit:name>POLARITY</spirit:name>
          <spirit:value spirit:id="BUSIFPARAM_VALUE.S00_AXI_RST.POLARITY">ACTIVE_LOW</spirit:value>
        </spirit:parameter>
      </spirit:parameters>
    </spirit:busInterface>
    <spirit:busInterface>
      <spirit:name>S00_AXI_CLK</spirit:name>
      <spirit:busType spirit:vendor="xilinx.com" spirit:library="signal" spirit:name="clock" spirit:version="1.0"/>
      <spirit:abstractionType spirit:vendor="xilinx.com" spirit:library="signal" spirit:name="clock_rtl" spirit:version="1.0"/>
      <spirit:slave/>
      <spirit:portMaps>
        <spirit:portMap>
          <spirit:logicalPort>
            <spirit:name>CLK</spirit:name>
          </spirit:logicalPort>
          <spirit:physicalPort>
            <spirit:name>s00_axi_aclk</spirit:name>
          </spirit:physicalPort>
        </spirit:portMap>
      </spirit:portMaps>
      <spirit:parameters>
        <spirit:parameter>
          <spirit:name>ASSOCIATED_BUSIF</spirit:name>
          <spirit:value spirit:id="BUSIFPARAM_VALUE.S00_AXI_CLK.ASSOCIATED_BUSIF">S00_AXI</spirit:value>
        </spirit:parameter>
        <spirit:parameter>
          <spirit:name>ASSOCIATED_RESET</spirit:name>
          <spirit:value spirit:id="BUSIFPARAM_VALUE.S00_AXI_CLK.ASSOCIATED_RESET">s00_axi_aresetn</spirit:value>
        </spirit:parameter>
      </spirit:parameters>
    </spirit:busInterface>
  </spirit:busInterfaces>
  <spirit:addressSpaces>
    <spirit:addressSpace>
      <spirit:name>M00_AXI</spirit:name>
      <spirit:range spirit:format="long" spirit:resolve="dependent" spirit:dependency="pow(2,(spirit:decode(id(&apos;MODELPARAM_VALUE.C_M00_AXI_ADDR_WIDTH&apos;)) - 1) + 1)" spirit:minimum="0" spirit:maximum="4294967296" spirit:rangeType="long">4294967296</spirit:range>
      <spirit:width spirit:format="long" spirit:resolve="dependent" spirit:dependency="(spirit:decode(id(&apos;MODELPARAM_VALUE.C_M00_AXI_DATA_WIDTH&apos;)) - 1) + 1">32</spirit:width>
    </spirit:addressSpace>
  </spirit:addressSpaces>
  <spirit:memoryMaps>
    <spirit:memoryMap>
      <spirit:name>S00_AXI</spirit:name>
      <spirit:addressBlock>
        <spirit:name>S00_AXI_reg</spirit:name>
        <spirit:baseAddress spirit:format="long" spirit:resolve="user">0</spirit:baseAddress>
        <spirit:range spirit:format="long">4096</spirit:range>
        <spirit:width spirit:format="long">32</spirit:width>
        <spirit:usage>register</spirit:usage>
        <spirit:parameters>
          <spirit:parameter>
            <spirit:name>OFFSET_BASE_PARAM</spirit:name>
            <spirit:value spirit:id="ADDRBLOCKPARAM_VALUE.S00_AXI.S00_AXI_REG.OFFSET_BASE_PARAM">C_S00_AXI_BASEADDR</spirit:value>
          </spirit:parameter>
          <spirit:parameter>
            <spirit:name>OFFSET_HIGH_PARAM</spirit:name>
            <spirit:value spirit:id="ADDRBLOCKPARAM_VALUE.S00_AXI.S00_AXI_REG.OFFSET_HIGH_PARAM">C_S00_AXI_HIGHADDR</spirit:value>
          </spirit:parameter>
        </spirit:parameters>
      </spirit:addressBlock>
    </spirit:memoryMap>
  </spirit:memoryMaps>
  <spirit:model>
    <spirit:views>
      <spirit:view>
        <spirit:name>xilinx_verilogsynthesis</spirit:name>
        <spirit:displayName>Verilog Synthesis</spirit:displayName>
        <spirit:envIdentifier>verilogSource:vivado.xilinx.com:synthesis</spirit:envIdentifier>
        <spirit:language>verilog</spirit:language>
        <spirit:modelName>myip_v1_0</spirit:modelName>
        <spirit:fileSetRef>
          <spirit:localName>xilinx_verilogsynthesis_view_fileset</spirit:localName>
        </spirit:fileSetRef>
        <spirit:parameters>
          <spirit:parameter>
            <spirit:name>viewChecksum</spirit:name>
            <spirit:value>cc339f85</spirit:value>
          </spirit:parameter>
        </spirit:parameters>
      </spirit:view>
      <spirit:view>
        <spirit:name>xilinx_verilogbehavioralsimulation</spirit:name>
        <spirit:displayName>Verilog Simulation</spirit:displayName>
        <spirit:envIdentifier>verilogSource:vivado.xilinx.com:simulation</spirit:envIdentifier>
        <spirit:language>verilog</spirit:language>
        <spirit:modelName>myip_v1_0</spirit:modelName>
        <spirit:fileSetRef>
          <spirit:localName>xilinx_verilogbehavioralsimulation_view_fileset</spirit:localName>
        </spirit:fileSetRef>
        <spirit:parameters>
          <spirit:parameter>
            <spirit:name>viewChecksum</spirit:name>
            <spirit:value>cc339f85</spirit:value>
          </spirit:parameter>
        </spirit:parameters>
      </spirit:view>
      <spirit:view>
        <spirit:name>xilinx_xpgui</spirit:name>
        <spirit:displayName>UI Layout</spirit:displayName>
        <spirit:envIdentifier>:vivado.xilinx.com:xgui.ui</spirit:envIdentifier>
        <spirit:fileSetRef>
          <spirit:localName>xilinx_xpgui_view_fileset</spirit:localName>
        </spirit:fileSetRef>
        <spirit:parameters>
          <spirit:parameter>
            <spirit:name>viewChecksum</spirit:name>
            <spirit:value>c4c22e4b</spirit:value>
          </spirit:parameter>
        </spirit:parameters>
      </spirit:view>
      <spirit:view>
        <spirit:name>bd_tcl</spirit:name>
        <spirit:displayName>Block Diagram</spirit:displayName>
        <spirit:envIdentifier>:vivado.xilinx.com:block.diagram</spirit:envIdentifier>
        <spirit:fileSetRef>
          <spirit:localName>bd_tcl_view_fileset</spirit:localName>
        </spirit:fileSetRef>
        <spirit:parameters>
          <spirit:parameter>
            <spirit:name>viewChecksum</spirit:name>
            <spirit:value>16328387</spirit:value>
          </spirit:parameter>
        </spirit:parameters>
      </spirit:view>
    </spirit:views>
    <spirit:ports>
      <spirit:port>
        <spirit:name>m00_axi_awaddr</spirit:name>
        <spirit:wire>
          <spirit:direction>out</spirit:direction>
          <spirit:vector>
            <spirit:left spirit:format="long" spirit:resolve="dependent" spirit:dependency="(spirit:decode(id(&apos;MODELPARAM_VALUE.C_M00_AXI_ADDR_WIDTH&apos;))-1)">31</spirit:left>
            <spirit:right spirit:format="long">0</spirit:right>
          </spirit:vector>
          <spirit:wireTypeDefs>
            <spirit:wireTypeDef>
              <spirit:typeName>wire</spirit:typeName>
              <spirit:viewNameRef>xilinx_verilogsynthesis</spirit:viewNameRef>
              <spirit:viewNameRef>xilinx_verilogbehavioralsimulation</spirit:viewNameRef>
            </spirit:wireTypeDef>
          </spirit:wireTypeDefs>
        </spirit:wire>
      </spirit:port>
      <spirit:port>
        <spirit:name>m00_axi_awprot</spirit:name>
        <spirit:wire>
          <spirit:direction>out</spirit:direction>
          <spirit:vector>
            <spirit:left spirit:format="long">2</spirit:left>
            <spirit:right spirit:format="long">0</spirit:right>
          </spirit:vector>
          <spirit:wireTypeDefs>
            <spirit:wireTypeDef>
              <spirit:typeName>wire</spirit:typeName>
              <spirit:viewNameRef>xilinx_verilogsynthesis</spirit:viewNameRef>
              <spirit:viewNameRef>xilinx_verilogbehavioralsimulation</spirit:viewNameRef>
            </spirit:wireTypeDef>
          </spirit:wireTypeDefs>
        </spirit:wire>
      </spirit:port>
      <spirit:port>
        <spirit:name>m00_axi_awvalid</spirit:name>
        <spirit:wire>
          <spirit:direction>out</spirit:direction>
          <spirit:wireTypeDefs>
            <spirit:wireTypeDef>
              <spirit:typeName>wire</spirit:typeName>
              <spirit:viewNameRef>xilinx_verilogsynthesis</spirit:viewNameRef>
              <spirit:viewNameRef>xilinx_verilogbehavioralsimulation</spirit:viewNameRef>
            </spirit:wireTypeDef>
          </spirit:wireTypeDefs>
        </spirit:wire>
      </spirit:port>
      <spirit:port>
        <spirit:name>m00_axi_awready</spirit:name>
        <spirit:wire>
          <spirit:direction>in</spirit:direction>
          <spirit:wireTypeDefs>
            <spirit:wireTypeDef>
              <spirit:typeName>wire</spirit:typeName>
              <spirit:viewNameRef>xilinx_verilogsynthesis</spirit:viewNameRef>
              <spirit:viewNameRef>xilinx_verilogbehavioralsimulation</spirit:viewNameRef>
            </spirit:wireTypeDef>
          </spirit:wireTypeDefs>
        </spirit:wire>
      </spirit:port>
      <spirit:port>
        <spirit:name>m00_axi_wdata</spirit:name>
        <spirit:wire>
          <spirit:direction>out</spirit:direction>
          <spirit:vector>
            <spirit:left spirit:format="long" spirit:resolve="dependent" spirit:dependency="(spirit:decode(id(&apos;MODELPARAM_VALUE.C_M00_AXI_DATA_WIDTH&apos;))-1)">31</spirit:left>
            <spirit:right spirit:format="long">0</spirit:right>
          </spirit:vector>
          <spirit:wireTypeDefs>
            <spirit:wireTypeDef>
              <spirit:typeName>wire</spirit:typeName>
              <spirit:viewNameRef>xilinx_verilogsynthesis</spirit:viewNameRef>
              <spirit:viewNameRef>xilinx_verilogbehavioralsimulation</spirit:viewNameRef>
            </spirit:wireTypeDef>
          </spirit:wireTypeDefs>
        </spirit:wire>
      </spirit:port>
      <spirit:port>
        <spirit:name>m00_axi_wstrb</spirit:name>
        <spirit:wire>
          <spirit:direction>out</spirit:direction>
          <spirit:vector>
            <spirit:left spirit:format="long" spirit:resolve="dependent" spirit:dependency="(spirit:decode(id(&apos;MODELPARAM_VALUE.C_M00_AXI_DATA_WIDTH&apos;))/8-1)">3</spirit:left>
            <spirit:right spirit:format="long">0</spirit:right>
          </spirit:vector>
          <spirit:wireTypeDefs>
            <spirit:wireTypeDef>
              <spirit:typeName>wire</spirit:typeName>
              <spirit:viewNameRef>xilinx_verilogsynthesis</spirit:viewNameRef>
              <spirit:viewNameRef>xilinx_verilogbehavioralsimulation</spirit:viewNameRef>
            </spirit:wireTypeDef>
          </spirit:wireTypeDefs>
        </spirit:wire>
      </spirit:port>
      <spirit:port>
        <spirit:name>m00_axi_wvalid</spirit:name>
        <spirit:wire>
          <spirit:direction>out</spirit:direction>
          <spirit:wireTypeDefs>
            <spirit:wireTypeDef>
              <spirit:typeName>wire</spirit:typeName>
              <spirit:viewNameRef>xilinx_verilogsynthesis</spirit:viewNameRef>
              <spirit:viewNameRef>xilinx_verilogbehavioralsimulation</spirit:viewNameRef>
            </spirit:wireTypeDef>
          </spirit:wireTypeDefs>
        </spirit:wire>
      </spirit:port>
      <spirit:port>
        <spirit:name>m00_axi_wready</spirit:name>
        <spirit:wire>
          <spirit:direction>in</spirit:direction>
          <spirit:wireTypeDefs>
            <spirit:wireTypeDef>
              <spirit:typeName>wire</spirit:typeName>
              <spirit:viewNameRef>xilinx_verilogsynthesis</spirit:viewNameRef>
              <spirit:viewNameRef>xilinx_verilogbehavioralsimulation</spirit:viewNameRef>
            </spirit:wireTypeDef>
          </spirit:wireTypeDefs>
        </spirit:wire>
      </spirit:port>
      <spirit:port>
        <spirit:name>m00_axi_bresp</spirit:name>
        <spirit:wire>
          <spirit:direction>in</spirit:direction>
          <spirit:vector>
            <spirit:left spirit:format="long">1</spirit:left>
            <spirit:right spirit:format="long">0</spirit:right>
          </spirit:vector>
          <spirit:wireTypeDefs>
            <spirit:wireTypeDef>
              <spirit:typeName>wire</spirit:typeName>
              <spirit:viewNameRef>xilinx_verilogsynthesis</spirit:viewNameRef>
              <spirit:viewNameRef>xilinx_verilogbehavioralsimulation</spirit:viewNameRef>
            </spirit:wireTypeDef>
          </spirit:wireTypeDefs>
        </spirit:wire>
      </spirit:port>
      <spirit:port>
        <spirit:name>m00_axi_bvalid</spirit:name>
        <spirit:wire>
          <spirit:direction>in</spirit:direction>
          <spirit:wireTypeDefs>
            <spirit:wireTypeDef>
              <spirit:typeName>wire</spirit:typeName>
              <spirit:viewNameRef>xilinx_verilogsynthesis</spirit:viewNameRef>
              <spirit:viewNameRef>xilinx_verilogbehavioralsimulation</spirit:viewNameRef>
            </spirit:wireTypeDef>
          </spirit:wireTypeDefs>
        </spirit:wire>
      </spirit:port>
      <spirit:port>
        <spirit:name>m00_axi_bready</spirit:name>
        <spirit:wire>
          <spirit:direction>out</spirit:direction>
          <spirit:wireTypeDefs>
            <spirit:wireTypeDef>
              <spirit:typeName>wire</spirit:typeName>
              <spirit:viewNameRef>xilinx_verilogsynthesis</spirit:viewNameRef>
              <spirit:viewNameRef>xilinx_verilogbehavioralsimulation</spirit:viewNameRef>
            </spirit:wireTypeDef>
          </spirit:wireTypeDefs>
        </spirit:wire>
      </spirit:port>
      <spirit:port>
        <spirit:name>m00_axi_araddr</spirit:name>
        <spirit:wire>
          <spirit:direction>out</spirit:direction>
          <spirit:vector>
            <spirit:left spirit:format="long" spirit:resolve="dependent" spirit:dependency="(spirit:decode(id(&apos;MODELPARAM_VALUE.C_M00_AXI_ADDR_WIDTH&apos;))-1)">31</spirit:left>
            <spirit:right spirit:format="long">0</spirit:right>
          </spirit:vector>
          <spirit:wireTypeDefs>
            <spirit:wireTypeDef>
              <spirit:typeName>wire</spirit:typeName>
              <spirit:viewNameRef>xilinx_verilogsynthesis</spirit:viewNameRef>
              <spirit:viewNameRef>xilinx_verilogbehavioralsimulation</spirit:viewNameRef>
            </spirit:wireTypeDef>
          </spirit:wireTypeDefs>
        </spirit:wire>
      </spirit:port>
      <spirit:port>
        <spirit:name>m00_axi_arprot</spirit:name>
        <spirit:wire>
          <spirit:direction>out</spirit:direction>
          <spirit:vector>
            <spirit:left spirit:format="long">2</spirit:left>
            <spirit:right spirit:format="long">0</spirit:right>
          </spirit:vector>
          <spirit:wireTypeDefs>
            <spirit:wireTypeDef>
              <spirit:typeName>wire</spirit:typeName>
              <spirit:viewNameRef>xilinx_verilogsynthesis</spirit:viewNameRef>
              <spirit:viewNameRef>xilinx_verilogbehavioralsimulation</spirit:viewNameRef>
            </spirit:wireTypeDef>
          </spirit:wireTypeDefs>
        </spirit:wire>
      </spirit:port>
      <spirit:port>
        <spirit:name>m00_axi_arvalid</spirit:name>
        <spirit:wire>
          <spirit:direction>out</spirit:direction>
          <spirit:wireTypeDefs>
            <spirit:wireTypeDef>
              <spirit:typeName>wire</spirit:typeName>
              <spirit:viewNameRef>xilinx_verilogsynthesis</spirit:viewNameRef>
              <spirit:viewNameRef>xilinx_verilogbehavioralsimulation</spirit:viewNameRef>
            </spirit:wireTypeDef>
          </spirit:wireTypeDefs>
        </spirit:wire>
      </spirit:port>
      <spirit:port>
        <spirit:name>m00_axi_arready</spirit:name>
        <spirit:wire>
          <spirit:direction>in</spirit:direction>
          <spirit:wireTypeDefs>
            <spirit:wireTypeDef>
              <spirit:typeName>wire</spirit:typeName>
              <spirit:viewNameRef>xilinx_verilogsynthesis</spirit:viewNameRef>
              <spirit:viewNameRef>xilinx_verilogbehavioralsimulation</spirit:viewNameRef>
            </spirit:wireTypeDef>
          </spirit:wireTypeDefs>
        </spirit:wire>
      </spirit:port>
      <spirit:port>
        <spirit:name>m00_axi_rdata</spirit:name>
        <spirit:wire>
          <spirit:direction>in</spirit:direction>
          <spirit:vector>
            <spirit:left spirit:format="long" spirit:resolve="dependent" spirit:dependency="(spirit:decode(id(&apos;MODELPARAM_VALUE.C_M00_AXI_DATA_WIDTH&apos;))-1)">31</spirit:left>
            <spirit:right spirit:format="long">0</spirit:right>
          </spirit:vector>
          <spirit:wireTypeDefs>
            <spirit:wireTypeDef>
              <spirit:typeName>wire</spirit:typeName>
              <spirit:viewNameRef>xilinx_verilogsynthesis</spirit:viewNameRef>
              <spirit:viewNameRef>xilinx_verilogbehavioralsimulation</spirit:viewNameRef>
            </spirit:wireTypeDef>
          </spirit:wireTypeDefs>
        </spirit:wire>
      </spirit:port>
      <spirit:port>
        <spirit:name>m00_axi_rresp</spirit:name>
        <spirit:wire>
          <spirit:direction>in</spirit:direction>
          <spirit:vector>
            <spirit:left spirit:format="long">1</spirit:left>
            <spirit:right spirit:format="long">0</spirit:right>
          </spirit:vector>
          <spirit:wireTypeDefs>
            <spirit:wireTypeDef>
              <spirit:typeName>wire</spirit:typeName>
              <spirit:viewNameRef>xilinx_verilogsynthesis</spirit:viewNameRef>
              <spirit:viewNameRef>xilinx_verilogbehavioralsimulation</spirit:viewNameRef>
            </spirit:wireTypeDef>
          </spirit:wireTypeDefs>
        </spirit:wire>
      </spirit:port>
      <spirit:port>
        <spirit:name>m00_axi_rvalid</spirit:name>
        <spirit:wire>
          <spirit:direction>in</spirit:direction>
          <spirit:wireTypeDefs>
            <spirit:wireTypeDef>
              <spirit:typeName>wire</spirit:typeName>
              <spirit:viewNameRef>xilinx_verilogsynthesis</spirit:viewNameRef>
              <spirit:viewNameRef>xilinx_verilogbehavioralsimulation</spirit:viewNameRef>
            </spirit:wireTypeDef>
          </spirit:wireTypeDefs>
        </spirit:wire>
      </spirit:port>
      <spirit:port>
        <spirit:name>m00_axi_rready</spirit:name>
        <spirit:wire>
          <spirit:direction>out</spirit:direction>
          <spirit:wireTypeDefs>
            <spirit:wireTypeDef>
              <spirit:typeName>wire</spirit:typeName>
              <spirit:viewNameRef>xilinx_verilogsynthesis</spirit:viewNameRef>
              <spirit:viewNameRef>xilinx_verilogbehavioralsimulation</spirit:viewNameRef>
            </spirit:wireTypeDef>
          </spirit:wireTypeDefs>
        </spirit:wire>
      </spirit:port>
      <spirit:port>
        <spirit:name>m00_axi_aclk</spirit:name>
        <spirit:wire>
          <spirit:direction>in</spirit:direction>
          <spirit:wireTypeDefs>
            <spirit:wireTypeDef>
              <spirit:typeName>wire</spirit:typeName>
              <spirit:viewNameRef>xilinx_verilogsynthesis</spirit:viewNameRef>
              <spirit:viewNameRef>xilinx_verilogbehavioralsimulation</spirit:viewNameRef>
            </spirit:wireTypeDef>
          </spirit:wireTypeDefs>
        </spirit:wire>
      </spirit:port>
      <spirit:port>
        <spirit:name>m00_axi_aresetn</spirit:name>
        <spirit:wire>
          <spirit:direction>in</spirit:direction>
          <spirit:wireTypeDefs>
            <spirit:wireTypeDef>
              <spirit:typeName>wire</spirit:typeName>
              <spirit:viewNameRef>xilinx_verilogsynthesis</spirit:viewNameRef>
              <spirit:viewNameRef>xilinx_verilogbehavioralsimulation</spirit:viewNameRef>
            </spirit:wireTypeDef>
          </spirit:wireTypeDefs>
        </spirit:wire>
      </spirit:port>
      <spirit:port>
        <spirit:name>m00_axi_init_axi_txn</spirit:name>
        <spirit:wire>
          <spirit:direction>in</spirit:direction>
          <spirit:wireTypeDefs>
            <spirit:wireTypeDef>
              <spirit:typeName>wire</spirit:typeName>
              <spirit:viewNameRef>xilinx_verilogsynthesis</spirit:viewNameRef>
              <spirit:viewNameRef>xilinx_verilogbehavioralsimulation</spirit:viewNameRef>
            </spirit:wireTypeDef>
          </spirit:wireTypeDefs>
        </spirit:wire>
      </spirit:port>
      <spirit:port>
        <spirit:name>m00_axi_error</spirit:name>
        <spirit:wire>
          <spirit:direction>out</spirit:direction>
          <spirit:wireTypeDefs>
            <spirit:wireTypeDef>
              <spirit:typeName>wire</spirit:typeName>
              <spirit:viewNameRef>xilinx_verilogsynthesis</spirit:viewNameRef>
              <spirit:viewNameRef>xilinx_verilogbehavioralsimulation</spirit:viewNameRef>
            </spirit:wireTypeDef>
          </spirit:wireTypeDefs>
        </spirit:wire>
      </spirit:port>
      <spirit:port>
        <spirit:name>m00_axi_txn_done</spirit:name>
        <spirit:wire>
          <spirit:direction>out</spirit:direction>
          <spirit:wireTypeDefs>
            <spirit:wireTypeDef>
              <spirit:typeName>wire</spirit:typeName>
              <spirit:viewNameRef>xilinx_verilogsynthesis</spirit:viewNameRef>
              <spirit:viewNameRef>xilinx_verilogbehavioralsimulation</spirit:viewNameRef>
            </spirit:wireTypeDef>
          </spirit:wireTypeDefs>
        </spirit:wire>
      </spirit:port>
      <spirit:port>
        <spirit:name>s00_axi_awaddr</spirit:name>
        <spirit:wire>
          <spirit:direction>in</spirit:direction>
          <spirit:vector>
            <spirit:left spirit:format="long" spirit:resolve="dependent" spirit:dependency="(spirit:decode(id(&apos;MODELPARAM_VALUE.C_S00_AXI_ADDR_WIDTH&apos;))-1)">3</spirit:left>
            <spirit:right spirit:format="long">0</spirit:right>
          </spirit:vector>
          <spirit:wireTypeDefs>
            <spirit:wireTypeDef>
              <spirit:typeName>wire</spirit:typeName>
              <spirit:viewNameRef>xilinx_verilogsynthesis</spirit:viewNameRef>
              <spirit:viewNameRef>xilinx_verilogbehavioralsimulation</spirit:viewNameRef>
            </spirit:wireTypeDef>
          </spirit:wireTypeDefs>
        </spirit:wire>
      </spirit:port>
      <spirit:port>
        <spirit:name>s00_axi_awprot</spirit:name>
        <spirit:wire>
          <spirit:direction>in</spirit:direction>
          <spirit:vector>
            <spirit:left spirit:format="long">2</spirit:left>
            <spirit:right spirit:format="long">0</spirit:right>
          </spirit:vector>
          <spirit:wireTypeDefs>
            <spirit:wireTypeDef>
              <spirit:typeName>wire</spirit:typeName>
              <spirit:viewNameRef>xilinx_verilogsynthesis</spirit:viewNameRef>
              <spirit:viewNameRef>xilinx_verilogbehavioralsimulation</spirit:viewNameRef>
            </spirit:wireTypeDef>
          </spirit:wireTypeDefs>
        </spirit:wire>
      </spirit:port>
      <spirit:port>
        <spirit:name>s00_axi_awvalid</spirit:name>
        <spirit:wire>
          <spirit:direction>in</spirit:direction>
          <spirit:wireTypeDefs>
            <spirit:wireTypeDef>
              <spirit:typeName>wire</spirit:typeName>
              <spirit:viewNameRef>xilinx_verilogsynthesis</spirit:viewNameRef>
              <spirit:viewNameRef>xilinx_verilogbehavioralsimulation</spirit:viewNameRef>
            </spirit:wireTypeDef>
          </spirit:wireTypeDefs>
        </spirit:wire>
      </spirit:port>
      <spirit:port>
        <spirit:name>s00_axi_awready</spirit:name>
        <spirit:wire>
          <spirit:direction>out</spirit:direction>
          <spirit:wireTypeDefs>
            <spirit:wireTypeDef>
              <spirit:typeName>wire</spirit:typeName>
              <spirit:viewNameRef>xilinx_verilogsynthesis</spirit:viewNameRef>
              <spirit:viewNameRef>xilinx_verilogbehavioralsimulation</spirit:viewNameRef>
            </spirit:wireTypeDef>
          </spirit:wireTypeDefs>
        </spirit:wire>
      </spirit:port>
      <spirit:port>
        <spirit:name>s00_axi_wdata</spirit:name>
        <spirit:wire>
          <spirit:direction>in</spirit:direction>
          <spirit:vector>
            <spirit:left spirit:format="long" spirit:resolve="dependent" spirit:dependency="(spirit:decode(id(&apos;MODELPARAM_VALUE.C_S00_AXI_DATA_WIDTH&apos;))-1)">31</spirit:left>
            <spirit:right spirit:format="long">0</spirit:right>
          </spirit:vector>
          <spirit:wireTypeDefs>
            <spirit:wireTypeDef>
              <spirit:typeName>wire</spirit:typeName>
              <spirit:viewNameRef>xilinx_verilogsynthesis</spirit:viewNameRef>
              <spirit:viewNameRef>xilinx_verilogbehavioralsimulation</spirit:viewNameRef>
            </spirit:wireTypeDef>
          </spirit:wireTypeDefs>
        </spirit:wire>
      </spirit:port>
      <spirit:port>
        <spirit:name>s00_axi_wstrb</spirit:name>
        <spirit:wire>
          <spirit:direction>in</spirit:direction>
          <spirit:vector>
            <spirit:left spirit:format="long" spirit:resolve="dependent" spirit:dependency="((spirit:decode(id(&apos;MODELPARAM_VALUE.C_S00_AXI_DATA_WIDTH&apos;))/8)-1)">3</spirit:left>
            <spirit:right spirit:format="long">0</spirit:right>
          </spirit:vector>
          <spirit:wireTypeDefs>
            <spirit:wireTypeDef>
              <spirit:typeName>wire</spirit:typeName>
              <spirit:viewNameRef>xilinx_verilogsynthesis</spirit:viewNameRef>
              <spirit:viewNameRef>xilinx_verilogbehavioralsimulation</spirit:viewNameRef>
            </spirit:wireTypeDef>
          </spirit:wireTypeDefs>
        </spirit:wire>
      </spirit:port>
      <spirit:port>
        <spirit:name>s00_axi_wvalid</spirit:name>
        <spirit:wire>
          <spirit:direction>in</spirit:direction>
          <spirit:wireTypeDefs>
            <spirit:wireTypeDef>
              <spirit:typeName>wire</spirit:typeName>
              <spirit:viewNameRef>xilinx_verilogsynthesis</spirit:viewNameRef>
              <spirit:viewNameRef>xilinx_verilogbehavioralsimulation</spirit:viewNameRef>
            </spirit:wireTypeDef>
          </spirit:wireTypeDefs>
        </spirit:wire>
      </spirit:port>
      <spirit:port>
        <spirit:name>s00_axi_wready</spirit:name>
        <spirit:wire>
          <spirit:direction>out</spirit:direction>
          <spirit:wireTypeDefs>
            <spirit:wireTypeDef>
              <spirit:typeName>wire</spirit:typeName>
              <spirit:viewNameRef>xilinx_verilogsynthesis</spirit:viewNameRef>
              <spirit:viewNameRef>xilinx_verilogbehavioralsimulation</spirit:viewNameRef>
            </spirit:wireTypeDef>
          </spirit:wireTypeDefs>
        </spirit:wire>
      </spirit:port>
      <spirit:port>
        <spirit:name>s00_axi_bresp</spirit:name>
        <spirit:wire>
          <spirit:direction>out</spirit:direction>
          <spirit:vector>
            <spirit:left spirit:format="long">1</spirit:left>
            <spirit:right spirit:format="long">0</spirit:right>
          </spirit:vector>
          <spirit:wireTypeDefs>
            <spirit:wireTypeDef>
              <spirit:typeName>wire</spirit:typeName>
              <spirit:viewNameRef>xilinx_verilogsynthesis</spirit:viewNameRef>
              <spirit:viewNameRef>xilinx_verilogbehavioralsimulation</spirit:viewNameRef>
            </spirit:wireTypeDef>
          </spirit:wireTypeDefs>
        </spirit:wire>
      </spirit:port>
      <spirit:port>
        <spirit:name>s00_axi_bvalid</spirit:name>
        <spirit:wire>
          <spirit:direction>out</spirit:direction>
          <spirit:wireTypeDefs>
            <spirit:wireTypeDef>
              <spirit:typeName>wire</spirit:typeName>
              <spirit:viewNameRef>xilinx_verilogsynthesis</spirit:viewNameRef>
              <spirit:viewNameRef>xilinx_verilogbehavioralsimulation</spirit:viewNameRef>
            </spirit:wireTypeDef>
          </spirit:wireTypeDefs>
        </spirit:wire>
      </spirit:port>
      <spirit:port>
        <spirit:name>s00_axi_bready</spirit:name>
        <spirit:wire>
          <spirit:direction>in</spirit:direction>
          <spirit:wireTypeDefs>
            <spirit:wireTypeDef>
              <spirit:typeName>wire</spirit:typeName>
              <spirit:viewNameRef>xilinx_verilogsynthesis</spirit:viewNameRef>
              <spirit:viewNameRef>xilinx_verilogbehavioralsimulation</spirit:viewNameRef>
            </spirit:wireTypeDef>
          </spirit:wireTypeDefs>
        </spirit:wire>
      </spirit:port>
      <spirit:port>
        <spirit:name>s00_axi_araddr</spirit:name>
        <spirit:wire>
          <spirit:direction>in</spirit:direction>
          <spirit:vector>
            <spirit:left spirit:format="long" spirit:resolve="dependent" spirit:dependency="(spirit:decode(id(&apos;MODELPARAM_VALUE.C_S00_AXI_ADDR_WIDTH&apos;))-1)">3</spirit:left>
            <spirit:right spirit:format="long">0</spirit:right>
          </spirit:vector>
          <spirit:wireTypeDefs>
            <spirit:wireTypeDef>
              <spirit:typeName>wire</spirit:typeName>
              <spirit:viewNameRef>xilinx_verilogsynthesis</spirit:viewNameRef>
              <spirit:viewNameRef>xilinx_verilogbehavioralsimulation</spirit:viewNameRef>
            </spirit:wireTypeDef>
          </spirit:wireTypeDefs>
        </spirit:wire>
      </spirit:port>
      <spirit:port>
        <spirit:name>s00_axi_arprot</spirit:name>
        <spirit:wire>
          <spirit:direction>in</spirit:direction>
          <spirit:vector>
            <spirit:left spirit:format="long">2</spirit:left>
            <spirit:right spirit:format="long">0</spirit:right>
          </spirit:vector>
          <spirit:wireTypeDefs>
            <spirit:wireTypeDef>
              <spirit:typeName>wire</spirit:typeName>
              <spirit:viewNameRef>xilinx_verilogsynthesis</spirit:viewNameRef>
              <spirit:viewNameRef>xilinx_verilogbehavioralsimulation</spirit:viewNameRef>
            </spirit:wireTypeDef>
          </spirit:wireTypeDefs>
        </spirit:wire>
      </spirit:port>
      <spirit:port>
        <spirit:name>s00_axi_arvalid</spirit:name>
        <spirit:wire>
          <spirit:direction>in</spirit:direction>
          <spirit:wireTypeDefs>
            <spirit:wireTypeDef>
              <spirit:typeName>wire</spirit:typeName>
              <spirit:viewNameRef>xilinx_verilogsynthesis</spirit:viewNameRef>
              <spirit:viewNameRef>xilinx_verilogbehavioralsimulation</spirit:viewNameRef>
            </spirit:wireTypeDef>
          </spirit:wireTypeDefs>
        </spirit:wire>
      </spirit:port>
      <spirit:port>
        <spirit:name>s00_axi_arready</spirit:name>
        <spirit:wire>
          <spirit:direction>out</spirit:direction>
          <spirit:wireTypeDefs>
            <spirit:wireTypeDef>
              <spirit:typeName>wire</spirit:typeName>
              <spirit:viewNameRef>xilinx_verilogsynthesis</spirit:viewNameRef>
              <spirit:viewNameRef>xilinx_verilogbehavioralsimulation</spirit:viewNameRef>
            </spirit:wireTypeDef>
          </spirit:wireTypeDefs>
        </spirit:wire>
      </spirit:port>
      <spirit:port>
        <spirit:name>s00_axi_rdata</spirit:name>
        <spirit:wire>
          <spirit:direction>out</spirit:direction>
          <spirit:vector>
            <spirit:left spirit:format="long" spirit:resolve="dependent" spirit:dependency="(spirit:decode(id(&apos;MODELPARAM_VALUE.C_S00_AXI_DATA_WIDTH&apos;))-1)">31</spirit:left>
            <spirit:right spirit:format="long">0</spirit:right>
          </spirit:vector>
          <spirit:wireTypeDefs>
            <spirit:wireTypeDef>
              <spirit:typeName>wire</spirit:typeName>
              <spirit:viewNameRef>xilinx_verilogsynthesis</spirit:viewNameRef>
              <spirit:viewNameRef>xilinx_verilogbehavioralsimulation</spirit:viewNameRef>
            </spirit:wireTypeDef>
          </spirit:wireTypeDefs>
        </spirit:wire>
      </spirit:port>
      <spirit:port>
        <spirit:name>s00_axi_rresp</spirit:name>
        <spirit:wire>
          <spirit:direction>out</spirit:direction>
          <spirit:vector>
            <spirit:left spirit:format="long">1</spirit:left>
            <spirit:right spirit:format="long">0</spirit:right>
          </spirit:vector>
          <spirit:wireTypeDefs>
            <spirit:wireTypeDef>
              <spirit:typeName>wire</spirit:typeName>
              <spirit:viewNameRef>xilinx_verilogsynthesis</spirit:viewNameRef>
              <spirit:viewNameRef>xilinx_verilogbehavioralsimulation</spirit:viewNameRef>
            </spirit:wireTypeDef>
          </spirit:wireTypeDefs>
        </spirit:wire>
      </spirit:port>
      <spirit:port>
        <spirit:name>s00_axi_rvalid</spirit:name>
        <spirit:wire>
          <spirit:direction>out</spirit:direction>
          <spirit:wireTypeDefs>
            <spirit:wireTypeDef>
              <spirit:typeName>wire</spirit:typeName>
              <spirit:viewNameRef>xilinx_verilogsynthesis</spirit:viewNameRef>
              <spirit:viewNameRef>xilinx_verilogbehavioralsimulation</spirit:viewNameRef>
            </spirit:wireTypeDef>
          </spirit:wireTypeDefs>
        </spirit:wire>
      </spirit:port>
      <spirit:port>
        <spirit:name>s00_axi_rready</spirit:name>
        <spirit:wire>
          <spirit:direction>in</spirit:direction>
          <spirit:wireTypeDefs>
            <spirit:wireTypeDef>
              <spirit:typeName>wire</spirit:typeName>
              <spirit:viewNameRef>xilinx_verilogsynthesis</spirit:viewNameRef>
              <spirit:viewNameRef>xilinx_verilogbehavioralsimulation</spirit:viewNameRef>
            </spirit:wireTypeDef>
          </spirit:wireTypeDefs>
        </spirit:wire>
      </spirit:port>
      <spirit:port>
        <spirit:name>s00_axi_aclk</spirit:name>
        <spirit:wire>
          <spirit:direction>in</spirit:direction>
          <spirit:wireTypeDefs>
            <spirit:wireTypeDef>
              <spirit:typeName>wire</spirit:typeName>
              <spirit:viewNameRef>xilinx_verilogsynthesis</spirit:viewNameRef>
              <spirit:viewNameRef>xilinx_verilogbehavioralsimulation</spirit:viewNameRef>
            </spirit:wireTypeDef>
          </spirit:wireTypeDefs>
        </spirit:wire>
      </spirit:port>
      <spirit:port>
        <spirit:name>s00_axi_aresetn</spirit:name>
        <spirit:wire>
          <spirit:direction>in</spirit:direction>
          <spirit:wireTypeDefs>
            <spirit:wireTypeDef>
              <spirit:typeName>wire</spirit:typeName>
              <spirit:viewNameRef>xilinx_verilogsynthesis</spirit:viewNameRef>
              <spirit:viewNameRef>xilinx_verilogbehavioralsimulation</spirit:viewNameRef>
            </spirit:wireTypeDef>
          </spirit:wireTypeDefs>
        </spirit:wire>
      </spirit:port>
    </spirit:ports>
    <spirit:modelParameters>
      <spirit:modelParameter xsi:type="spirit:nameValueTypeType" spirit:dataType=" ">
        <spirit:name>C_M00_AXI_START_DATA_VALUE</spirit:name>
        <spirit:displayName>C M00 AXI START DATA VALUE</spirit:displayName>
        <spirit:description>The master will start generating data from the C_M_START_DATA_VALUE value</spirit:description>
        <spirit:value spirit:format="bitString" spirit:resolve="generated" spirit:id="MODELPARAM_VALUE.C_M00_AXI_START_DATA_VALUE" spirit:order="3" spirit:bitStringLength="32">0xAA000000</spirit:value>
      </spirit:modelParameter>
      <spirit:modelParameter spirit:dataType=" ">
        <spirit:name>C_M00_AXI_TARGET_SLAVE_BASE_ADDR</spirit:name>
        <spirit:displayName>C M00 AXI TARGET SLAVE BASE ADDR</spirit:displayName>
        <spirit:description>The master requires a target slave base address.
    // The master will initiate read and write transactions on the slave with base address specified here as a parameter.</spirit:description>
        <spirit:value spirit:format="bitString" spirit:resolve="generated" spirit:id="MODELPARAM_VALUE.C_M00_AXI_TARGET_SLAVE_BASE_ADDR" spirit:order="4" spirit:bitStringLength="32">0x40000000</spirit:value>
      </spirit:modelParameter>
      <spirit:modelParameter spirit:dataType="integer">
        <spirit:name>C_M00_AXI_ADDR_WIDTH</spirit:name>
        <spirit:displayName>C M00 AXI ADDR WIDTH</spirit:displayName>
        <spirit:description>Width of M_AXI address bus. 
    // The master generates the read and write addresses of width specified as C_M_AXI_ADDR_WIDTH.</spirit:description>
        <spirit:value spirit:format="long" spirit:resolve="generated" spirit:id="MODELPARAM_VALUE.C_M00_AXI_ADDR_WIDTH" spirit:order="5" spirit:rangeType="long">32</spirit:value>
      </spirit:modelParameter>
      <spirit:modelParameter spirit:dataType="integer">
        <spirit:name>C_M00_AXI_DATA_WIDTH</spirit:name>
        <spirit:displayName>C M00 AXI DATA WIDTH</spirit:displayName>
        <spirit:description>Width of M_AXI data bus. 
    // The master issues write data and accept read data where the width of the data bus is C_M_AXI_DATA_WIDTH</spirit:description>
        <spirit:value spirit:format="long" spirit:resolve="generated" spirit:id="MODELPARAM_VALUE.C_M00_AXI_DATA_WIDTH" spirit:order="6" spirit:rangeType="long">32</spirit:value>
      </spirit:modelParameter>
      <spirit:modelParameter spirit:dataType="integer">
        <spirit:name>C_M00_AXI_TRANSACTIONS_NUM</spirit:name>
        <spirit:displayName>C M00 AXI TRANSACTIONS NUM</spirit:displayName>
        <spirit:description>Transaction number is the number of write 
    // and read transactions the master will perform as a part of this example memory test.</spirit:description>
        <spirit:value spirit:format="long" spirit:resolve="generated" spirit:id="MODELPARAM_VALUE.C_M00_AXI_TRANSACTIONS_NUM" spirit:order="7" spirit:minimum="1" spirit:rangeType="long">4</spirit:value>
      </spirit:modelParameter>
      <spirit:modelParameter spirit:dataType="integer">
        <spirit:name>C_S00_AXI_DATA_WIDTH</spirit:name>
        <spirit:displayName>C S00 AXI DATA WIDTH</spirit:displayName>
        <spirit:description>Width of S_AXI data bus</spirit:description>
        <spirit:value spirit:format="long" spirit:resolve="generated" spirit:id="MODELPARAM_VALUE.C_S00_AXI_DATA_WIDTH" spirit:order="8" spirit:rangeType="long">32</spirit:value>
      </spirit:modelParameter>
      <spirit:modelParameter spirit:dataType="integer">
        <spirit:name>C_S00_AXI_ADDR_WIDTH</spirit:name>
        <spirit:displayName>C S00 AXI ADDR WIDTH</spirit:displayName>
        <spirit:description>Width of S_AXI address bus</spirit:description>
        <spirit:value spirit:format="long" spirit:resolve="generated" spirit:id="MODELPARAM_VALUE.C_S00_AXI_ADDR_WIDTH" spirit:order="9" spirit:rangeType="long">4</spirit:value>
      </spirit:modelParameter>
    </spirit:modelParameters>
  </spirit:model>
  <spirit:choices>
    <spirit:choice>
      <spirit:name>choice_list_6fc15197</spirit:name>
      <spirit:enumeration>32</spirit:enumeration>
    </spirit:choice>
    <spirit:choice>
      <spirit:name>choice_pairs_ce1226b1</spirit:name>
      <spirit:enumeration spirit:text="true">1</spirit:enumeration>
      <spirit:enumeration spirit:text="false">0</spirit:enumeration>
    </spirit:choice>
  </spirit:choices>
  <spirit:fileSets>
    <spirit:fileSet>
      <spirit:name>xilinx_verilogsynthesis_view_fileset</spirit:name>
      <spirit:file>
        <spirit:name>hdl/myip_v1_0_S00_AXI.v</spirit:name>
        <spirit:fileType>verilogSource</spirit:fileType>
      </spirit:file>
      <spirit:file>
        <spirit:name>hdl/myip_v1_0_M00_AXI.v</spirit:name>
        <spirit:fileType>verilogSource</spirit:fileType>
      </spirit:file>
      <spirit:file>
        <spirit:name>hdl/myip_v1_0.v</spirit:name>
        <spirit:fileType>verilogSource</spirit:fileType>
        <spirit:userFileType>CHECKSUM_fe7b11f8</spirit:userFileType>
      </spirit:file>
    </spirit:fileSet>
    <spirit:fileSet>
      <spirit:name>xilinx_verilogbehavioralsimulation_view_fileset</spirit:name>
      <spirit:file>
        <spirit:name>hdl/myip_v1_0_S00_AXI.v</spirit:name>
        <spirit:fileType>verilogSource</spirit:fileType>
      </spirit:file>
      <spirit:file>
        <spirit:name>hdl/myip_v1_0_M00_AXI.v</spirit:name>
        <spirit:fileType>verilogSource</spirit:fileType>
      </spirit:file>
      <spirit:file>
        <spirit:name>hdl/myip_v1_0.v</spirit:name>
        <spirit:fileType>verilogSource</spirit:fileType>
      </spirit:file>
    </spirit:fileSet>
    <spirit:fileSet>
      <spirit:name>xilinx_xpgui_view_fileset</spirit:name>
      <spirit:file>
        <spirit:name>xgui/myip_v1_0.tcl</spirit:name>
        <spirit:fileType>tclSource</spirit:fileType>
        <spirit:userFileType>CHECKSUM_c4c22e4b</spirit:userFileType>
        <spirit:userFileType>XGUI_VERSION_2</spirit:userFileType>
      </spirit:file>
    </spirit:fileSet>
    <spirit:fileSet>
      <spirit:name>bd_tcl_view_fileset</spirit:name>
      <spirit:file>
        <spirit:name>bd/bd.tcl</spirit:name>
        <spirit:fileType>tclSource</spirit:fileType>
      </spirit:file>
    </spirit:fileSet>
  </spirit:fileSets>
  <spirit:description>My new AXI IP</spirit:description>
  <spirit:parameters>
    <spirit:parameter>
      <spirit:name>C_M00_AXI_START_DATA_VALUE</spirit:name>
      <spirit:displayName>C M00 AXI START DATA VALUE</spirit:displayName>
      <spirit:description>The master will start generating data from the C_M_START_DATA_VALUE value</spirit:description>
      <spirit:value spirit:format="bitString" spirit:resolve="user" spirit:id="PARAM_VALUE.C_M00_AXI_START_DATA_VALUE" spirit:order="3" spirit:bitStringLength="32">0xAA000000</spirit:value>
    </spirit:parameter>
    <spirit:parameter>
      <spirit:name>C_M00_AXI_TARGET_SLAVE_BASE_ADDR</spirit:name>
      <spirit:displayName>C M00 AXI TARGET SLAVE BASE ADDR</spirit:displayName>
      <spirit:description>The master requires a target slave base address.
    // The master will initiate read and write transactions on the slave with base address specified here as a parameter.</spirit:description>
      <spirit:value spirit:format="bitString" spirit:resolve="user" spirit:id="PARAM_VALUE.C_M00_AXI_TARGET_SLAVE_BASE_ADDR" spirit:order="4" spirit:bitStringLength="32">0x40000000</spirit:value>
    </spirit:parameter>
    <spirit:parameter>
      <spirit:name>C_M00_AXI_ADDR_WIDTH</spirit:name>
      <spirit:displayName>C M00 AXI ADDR WIDTH</spirit:displayName>
      <spirit:description>Width of M_AXI address bus. 
    // The master generates the read and write addresses of width specified as C_M_AXI_ADDR_WIDTH.</spirit:description>
      <spirit:value spirit:format="long" spirit:resolve="user" spirit:id="PARAM_VALUE.C_M00_AXI_ADDR_WIDTH" spirit:order="5" spirit:rangeType="long">32</spirit:value>
      <spirit:vendorExtensions>
        <xilinx:parameterInfo>
          <xilinx:enablement>
            <xilinx:isEnabled xilinx:id="PARAM_ENABLEMENT.C_M00_AXI_ADDR_WIDTH">false</xilinx:isEnabled>
          </xilinx:enablement>
        </xilinx:parameterInfo>
      </spirit:vendorExtensions>
    </spirit:parameter>
    <spirit:parameter>
      <spirit:name>C_M00_AXI_DATA_WIDTH</spirit:name>
      <spirit:displayName>C M00 AXI DATA WIDTH</spirit:displayName>
      <spirit:description>Width of M_AXI data bus. 
    // The master issues write data and accept read data where the width of the data bus is C_M_AXI_DATA_WIDTH</spirit:description>
      <spirit:value spirit:format="long" spirit:resolve="user" spirit:id="PARAM_VALUE.C_M00_AXI_DATA_WIDTH" spirit:choiceRef="choice_list_6fc15197" spirit:order="6">32</spirit:value>
      <spirit:vendorExtensions>
        <xilinx:parameterInfo>
          <xilinx:enablement>
            <xilinx:isEnabled xilinx:id="PARAM_ENABLEMENT.C_M00_AXI_DATA_WIDTH">false</xilinx:isEnabled>
          </xilinx:enablement>
        </xilinx:parameterInfo>
      </spirit:vendorExtensions>
    </spirit:parameter>
    <spirit:parameter>
      <spirit:name>C_M00_AXI_TRANSACTIONS_NUM</spirit:name>
      <spirit:displayName>C M00 AXI TRANSACTIONS NUM</spirit:displayName>
      <spirit:description>Transaction number is the number of write 
    // and read transactions the master will perform as a part of this example memory test.</spirit:description>
      <spirit:value spirit:format="long" spirit:resolve="user" spirit:id="PARAM_VALUE.C_M00_AXI_TRANSACTIONS_NUM" spirit:order="7" spirit:minimum="1" spirit:rangeType="long">4</spirit:value>
    </spirit:parameter>
    <spirit:parameter>
      <spirit:name>C_S00_AXI_DATA_WIDTH</spirit:name>
      <spirit:displayName>C S00 AXI DATA WIDTH</spirit:displayName>
      <spirit:description>Width of S_AXI data bus</spirit:description>
      <spirit:value spirit:format="long" spirit:resolve="user" spirit:id="PARAM_VALUE.C_S00_AXI_DATA_WIDTH" spirit:choiceRef="choice_list_6fc15197" spirit:order="8">32</spirit:value>
      <spirit:vendorExtensions>
        <xilinx:parameterInfo>
          <xilinx:enablement>
            <xilinx:isEnabled xilinx:id="PARAM_ENABLEMENT.C_S00_AXI_DATA_WIDTH">false</xilinx:isEnabled>
          </xilinx:enablement>
        </xilinx:parameterInfo>
      </spirit:vendorExtensions>
    </spirit:parameter>
    <spirit:parameter>
      <spirit:name>C_S00_AXI_ADDR_WIDTH</spirit:name>
      <spirit:displayName>C S00 AXI ADDR WIDTH</spirit:displayName>
      <spirit:description>Width of S_AXI address bus</spirit:description>
      <spirit:value spirit:format="long" spirit:resolve="user" spirit:id="PARAM_VALUE.C_S00_AXI_ADDR_WIDTH" spirit:order="9" spirit:rangeType="long">4</spirit:value>
      <spirit:vendorExtensions>
        <xilinx:parameterInfo>
          <xilinx:enablement>
            <xilinx:isEnabled xilinx:id="PARAM_ENABLEMENT.C_S00_AXI_ADDR_WIDTH">false</xilinx:isEnabled>
          </xilinx:enablement>
        </xilinx:parameterInfo>
      </spirit:vendorExtensions>
    </spirit:parameter>
    <spirit:parameter>
      <spirit:name>C_S00_AXI_BASEADDR</spirit:name>
      <spirit:displayName>C S00 AXI BASEADDR</spirit:displayName>
      <spirit:value spirit:format="bitString" spirit:resolve="user" spirit:id="PARAM_VALUE.C_S00_AXI_BASEADDR" spirit:order="10" spirit:bitStringLength="32">0xFFFFFFFF</spirit:value>
      <spirit:vendorExtensions>
        <xilinx:parameterInfo>
          <xilinx:enablement>
            <xilinx:isEnabled xilinx:id="PARAM_ENABLEMENT.C_S00_AXI_BASEADDR">false</xilinx:isEnabled>
          </xilinx:enablement>
        </xilinx:parameterInfo>
      </spirit:vendorExtensions>
    </spirit:parameter>
    <spirit:parameter>
      <spirit:name>C_S00_AXI_HIGHADDR</spirit:name>
      <spirit:displayName>C S00 AXI HIGHADDR</spirit:displayName>
      <spirit:value spirit:format="bitString" spirit:resolve="user" spirit:id="PARAM_VALUE.C_S00_AXI_HIGHADDR" spirit:order="11" spirit:bitStringLength="32">0x00000000</spirit:value>
      <spirit:vendorExtensions>
        <xilinx:parameterInfo>
          <xilinx:enablement>
            <xilinx:isEnabled xilinx:id="PARAM_ENABLEMENT.C_S00_AXI_HIGHADDR">false</xilinx:isEnabled>
          </xilinx:enablement>
        </xilinx:parameterInfo>
      </spirit:vendorExtensions>
    </spirit:parameter>
    <spirit:parameter>
      <spirit:name>Component_Name</spirit:name>
      <spirit:value spirit:resolve="user" spirit:id="PARAM_VALUE.Component_Name" spirit:order="1">myip_v1_0</spirit:value>
    </spirit:parameter>
  </spirit:parameters>
  <spirit:vendorExtensions>
    <xilinx:coreExtensions>
      <xilinx:supportedFamilies>
        <xilinx:family xilinx:lifeCycle="Pre-Production">zynq</xilinx:family>
      </xilinx:supportedFamilies>
      <xilinx:taxonomies>
        <xilinx:taxonomy>AXI_Peripheral</xilinx:taxonomy>
      </xilinx:taxonomies>
      <xilinx:displayName>myip_v1.0</xilinx:displayName>
      <xilinx:coreRevision>2</xilinx:coreRevision>
      <xilinx:coreCreationDateTime>2021-04-30T22:54:57Z</xilinx:coreCreationDateTime>
      <xilinx:tags>
        <xilinx:tag xilinx:name="ui.data.coregen.dd@6e99007c_ARCHIVE_LOCATION">d:/School/HW_security/fpga-power-side-channel-attack/ip_repo/myip_1.0</xilinx:tag>
        <xilinx:tag xilinx:name="ui.data.coregen.dd@11292593_ARCHIVE_LOCATION">d:/School/HW_security/fpga-power-side-channel-attack/ip_repo/myip_1.0</xilinx:tag>
        <xilinx:tag xilinx:name="ui.data.coregen.dd@5217e0da_ARCHIVE_LOCATION">d:/School/HW_security/fpga-power-side-channel-attack/ip_repo/myip_1.0</xilinx:tag>
        <xilinx:tag xilinx:name="ui.data.coregen.dd@2c552332_ARCHIVE_LOCATION">d:/School/HW_security/fpga-power-side-channel-attack/ip_repo/myip_1.0</xilinx:tag>
        <xilinx:tag xilinx:name="ui.data.coregen.dd@1a06929a_ARCHIVE_LOCATION">d:/School/HW_security/fpga-power-side-channel-attack/ip_repo/myip_1.0</xilinx:tag>
        <xilinx:tag xilinx:name="ui.data.coregen.dd@77ee5796_ARCHIVE_LOCATION">d:/School/HW_security/fpga-power-side-channel-attack/ip_repo/myip_1.0</xilinx:tag>
      </xilinx:tags>
    </xilinx:coreExtensions>
    <xilinx:packagingInfo>
      <xilinx:xilinxVersion>2020.1</xilinx:xilinxVersion>
      <xilinx:checksum xilinx:scope="busInterfaces" xilinx:value="87a960be"/>
      <xilinx:checksum xilinx:scope="addressSpaces" xilinx:value="55bfeea0"/>
      <xilinx:checksum xilinx:scope="memoryMaps" xilinx:value="ed1368d5"/>
      <xilinx:checksum xilinx:scope="fileGroups" xilinx:value="c5c67a30"/>
      <xilinx:checksum xilinx:scope="ports" xilinx:value="dedde154"/>
      <xilinx:checksum xilinx:scope="hdlParameters" xilinx:value="6d31796c"/>
      <xilinx:checksum xilinx:scope="parameters" xilinx:value="11a51450"/>
    </xilinx:packagingInfo>
  </spirit:vendorExtensions>
</spirit:component>
