<?xml version="1.0" encoding="UTF-8"?>
<GenRun Id="synth_1" LaunchPart="xc7z010clg400-1" LaunchTime="1620255534">
  <File Type="PA-TCL" Name="power_virus_monitor_wrapper.tcl"/>
  <File Type="RDS-PROPCONSTRS" Name="power_virus_monitor_wrapper_drc_synth.rpt"/>
  <File Type="REPORTS-TCL" Name="power_virus_monitor_wrapper_reports.tcl"/>
  <File Type="RDS-RDS" Name="power_virus_monitor_wrapper.vds"/>
  <File Type="RDS-UTIL" Name="power_virus_monitor_wrapper_utilization_synth.rpt"/>
  <File Type="RDS-UTIL-PB" Name="power_virus_monitor_wrapper_utilization_synth.pb"/>
  <File Type="RDS-DCP" Name="power_virus_monitor_wrapper.dcp"/>
  <File Type="VDS-TIMINGSUMMARY" Name="power_virus_monitor_wrapper_timing_summary_synth.rpt"/>
  <File Type="VDS-TIMING-PB" Name="power_virus_monitor_wrapper_timing_summary_synth.pb"/>
  <FileSet Name="sources" Type="DesignSrcs" RelSrcDir="$PSRCDIR/sources_1">
    <Filter Type="Srcs"/>
    <File Path="$PPRDIR/../ring_osc_src/power_virus.v">
      <FileInfo>
        <Attr Name="UsedIn" Val="synthesis"/>
        <Attr Name="UsedIn" Val="implementation"/>
        <Attr Name="UsedIn" Val="simulation"/>
      </FileInfo>
    </File>
    <File Path="$PPRDIR/../ring_osc_src/RO_counter.v">
      <FileInfo>
        <Attr Name="UsedIn" Val="synthesis"/>
        <Attr Name="UsedIn" Val="implementation"/>
        <Attr Name="UsedIn" Val="simulation"/>
      </FileInfo>
    </File>
    <File Path="$PPRDIR/../ring_osc_src/adder_tree.v">
      <FileInfo>
        <Attr Name="UsedIn" Val="synthesis"/>
        <Attr Name="UsedIn" Val="implementation"/>
        <Attr Name="UsedIn" Val="simulation"/>
      </FileInfo>
    </File>
    <File Path="$PPRDIR/../ring_osc_src/ring_osc.v">
      <FileInfo>
        <Attr Name="UsedIn" Val="synthesis"/>
        <Attr Name="UsedIn" Val="implementation"/>
        <Attr Name="UsedIn" Val="simulation"/>
      </FileInfo>
    </File>
    <File Path="$PPRDIR/../ring_osc_src/ring_osc_top.v">
      <FileInfo>
        <Attr Name="UsedIn" Val="synthesis"/>
        <Attr Name="UsedIn" Val="implementation"/>
        <Attr Name="UsedIn" Val="simulation"/>
      </FileInfo>
    </File>
    <File Path="$PSRCDIR/sources_1/bd/power_virus_monitor/power_virus_monitor.bd">
      <FileInfo>
        <Attr Name="UsedIn" Val="synthesis"/>
        <Attr Name="UsedIn" Val="implementation"/>
        <Attr Name="UsedIn" Val="simulation"/>
      </FileInfo>
    </File>
    <File Path="$PSRCDIR/sources_1/bd/power_virus_monitor/hdl/power_virus_monitor_wrapper.v">
      <FileInfo>
        <Attr Name="UsedIn" Val="synthesis"/>
        <Attr Name="UsedIn" Val="implementation"/>
        <Attr Name="UsedIn" Val="simulation"/>
      </FileInfo>
    </File>
    <Config>
      <Option Name="DesignMode" Val="RTL"/>
      <Option Name="TopModule" Val="power_virus_monitor_wrapper"/>
    </Config>
  </FileSet>
  <FileSet Name="constrs_in" Type="Constrs" RelSrcDir="$PSRCDIR/constrs_1">
    <Filter Type="Constrs"/>
    <File Path="$PPRDIR/../ring_osc_src/Ring_Osc.xdc">
      <FileInfo>
        <Attr Name="UsedIn" Val="synthesis"/>
        <Attr Name="UsedIn" Val="implementation"/>
      </FileInfo>
    </File>
    <Config>
      <Option Name="ConstrsType" Val="XDC"/>
    </Config>
  </FileSet>
  <FileSet Name="utils" Type="Utils" RelSrcDir="$PSRCDIR/utils_1">
    <Filter Type="Utils"/>
    <Config>
      <Option Name="TopAutoSet" Val="TRUE"/>
    </Config>
  </FileSet>
  <Strategy Version="1" Minor="2">
    <StratHandle Name="Vivado Synthesis Defaults" Flow="Vivado Synthesis 2020">
      <Desc>Vivado Synthesis Defaults</Desc>
    </StratHandle>
    <Step Id="synth_design"/>
  </Strategy>
  <BlockFileSet Type="BlockSrcs" Name="power_virus_monitor_clk_wiz_0"/>
  <BlockFileSet Type="BlockSrcs" Name="power_virus_monitor_power_virus_bank_0_0"/>
  <BlockFileSet Type="BlockSrcs" Name="power_virus_monitor_c_counter_binary_0_0"/>
  <BlockFileSet Type="BlockSrcs" Name="power_virus_monitor_util_vector_logic_0_0"/>
  <BlockFileSet Type="BlockSrcs" Name="power_virus_monitor_ring_osc_top_0_0"/>
  <BlockFileSet Type="BlockSrcs" Name="power_virus_monitor_ila_0_0"/>
  <BlockFileSet Type="BlockSrcs" Name="power_virus_monitor_vio_0_0"/>
</GenRun>
