<?xml version="1.0"?>
<Runs Version="1" Minor="0">
	<Run Id="power_virus_monitor_c_counter_binary_0_0_synth_1" LaunchDir="D:/School/HW_security/fpga-power-side-channel-attack/Side_Channel_Attack/Side_Channel_Attack.runs/power_virus_monitor_c_counter_binary_0_0_synth_1" FlowId="Vivado_Synthesis" FromStepId="vivado" ToStepId="vivado"/>
	<Run Id="power_virus_monitor_util_vector_logic_0_0_synth_1" LaunchDir="D:/School/HW_security/fpga-power-side-channel-attack/Side_Channel_Attack/Side_Channel_Attack.runs/power_virus_monitor_util_vector_logic_0_0_synth_1" FlowId="Vivado_Synthesis" FromStepId="vivado" ToStepId="vivado"/>
	<Run Id="power_virus_monitor_power_virus_bank_0_0_synth_1" LaunchDir="D:/School/HW_security/fpga-power-side-channel-attack/Side_Channel_Attack/Side_Channel_Attack.runs/power_virus_monitor_power_virus_bank_0_0_synth_1" FlowId="Vivado_Synthesis" FromStepId="vivado" ToStepId="vivado"/>
	<Run Id="power_virus_monitor_clk_wiz_0_synth_1" LaunchDir="D:/School/HW_security/fpga-power-side-channel-attack/Side_Channel_Attack/Side_Channel_Attack.runs/power_virus_monitor_clk_wiz_0_synth_1" FlowId="Vivado_Synthesis" FromStepId="vivado" ToStepId="vivado"/>
	<Run Id="power_virus_monitor_ring_osc_top_0_0_synth_1" LaunchDir="D:/School/HW_security/fpga-power-side-channel-attack/Side_Channel_Attack/Side_Channel_Attack.runs/power_virus_monitor_ring_osc_top_0_0_synth_1" FlowId="Vivado_Synthesis" FromStepId="vivado" ToStepId="vivado"/>
	<Run Id="power_virus_monitor_ila_0_0_synth_1" LaunchDir="D:/School/HW_security/fpga-power-side-channel-attack/Side_Channel_Attack/Side_Channel_Attack.runs/power_virus_monitor_ila_0_0_synth_1" FlowId="Vivado_Synthesis" FromStepId="vivado" ToStepId="vivado"/>
	<Run Id="power_virus_monitor_vio_0_0_synth_1" LaunchDir="D:/School/HW_security/fpga-power-side-channel-attack/Side_Channel_Attack/Side_Channel_Attack.runs/power_virus_monitor_vio_0_0_synth_1" FlowId="Vivado_Synthesis" FromStepId="vivado" ToStepId="vivado"/>
	<Run Id="synth_1" LaunchDir="D:/School/HW_security/fpga-power-side-channel-attack/Side_Channel_Attack/Side_Channel_Attack.runs/synth_1" FlowId="Vivado_Synthesis" FromStepId="vivado" ToStepId="vivado">
		<Parent Id="power_virus_monitor_c_counter_binary_0_0_synth_1"/>
		<Parent Id="power_virus_monitor_util_vector_logic_0_0_synth_1"/>
		<Parent Id="power_virus_monitor_power_virus_bank_0_0_synth_1"/>
		<Parent Id="power_virus_monitor_clk_wiz_0_synth_1"/>
		<Parent Id="power_virus_monitor_ring_osc_top_0_0_synth_1"/>
		<Parent Id="power_virus_monitor_ila_0_0_synth_1"/>
		<Parent Id="power_virus_monitor_vio_0_0_synth_1"/>
	</Run>
	<Run Id="impl_1" LaunchDir="D:/School/HW_security/fpga-power-side-channel-attack/Side_Channel_Attack/Side_Channel_Attack.runs/impl_1" FlowId="Vivado_Implementation" FromStepId="init_design" ToStepId="write_bitstream">
		<Parent Id="synth_1"/>
		<Parent Id="power_virus_monitor_c_counter_binary_0_0_synth_1"/>
		<Parent Id="power_virus_monitor_util_vector_logic_0_0_synth_1"/>
		<Parent Id="power_virus_monitor_power_virus_bank_0_0_synth_1"/>
		<Parent Id="power_virus_monitor_clk_wiz_0_synth_1"/>
		<Parent Id="power_virus_monitor_ring_osc_top_0_0_synth_1"/>
		<Parent Id="power_virus_monitor_ila_0_0_synth_1"/>
		<Parent Id="power_virus_monitor_vio_0_0_synth_1"/>
	</Run>
	<Parameters>
		<Parameter Name="runs.monitorLSFJobs" Val="true" Type="bool"/>
		<Parameter Name="runs.enableClusterConf" Val="true" Type="bool"/>
	</Parameters>
</Runs>

